CAPEC-115	USES_TECHNIQUE	T1078
CAPEC-122	USES_TECHNIQUE	T1078
CAPEC-126	USES_TECHNIQUE	T1190
CAPEC-242	USES_TECHNIQUE	T1059
CAPEC-586	USES_TECHNIQUE	T1190
CAPEC-63	USES_TECHNIQUE	T1190
CAPEC-650	USES_TECHNIQUE	T1505.003
CAPEC-66	USES_TECHNIQUE	T1190
CAPEC-664	USES_TECHNIQUE	T1190
CAPEC-88	USES_TECHNIQUE	T1059
CVE-2007-10001	AFFECTS_PRODUCT	PROD-WEB-CYRADM-PROJECT-WEB-CYRADM
CVE-2007-10001	HAS_WEAKNESS	CWE-89
CVE-2007-10002	AFFECTS_PRODUCT	PROD-WEB-CYRADM-PROJECT-WEB-CYRADM
CVE-2007-10002	HAS_WEAKNESS	CWE-89
CVE-2010-10003	AFFECTS_PRODUCT	PROD-TITLELINK-PROJECT-TITLELINK
CVE-2010-10003	HAS_WEAKNESS	CWE-89
CVE-2013-10006	AFFECTS_PRODUCT	PROD-ZIFTRSHOP-PRIMECOIN
CVE-2013-10006	HAS_WEAKNESS	CWE-203
CVE-2013-10006	HAS_WEAKNESS	CWE-208
CVE-2013-10007	AFFECTS_PRODUCT	PROD-WP-PRINT-FRIENDLY-PROJECT-WP-PRINT-FRIENDLY
CVE-2013-10007	HAS_WEAKNESS	CWE-200
CVE-2013-10008	AFFECTS_PRODUCT	PROD-ESHOP-PROJECT-ESHOP
CVE-2013-10008	HAS_WEAKNESS	CWE-89
CVE-2013-10009	AFFECTS_PRODUCT	PROD-PYCHAO-PROJECT-PYCHAO
CVE-2013-10009	HAS_WEAKNESS	CWE-89
CVE-2014-125029	AFFECTS_PRODUCT	PROD-PAGINATIONSERVICEPROVIDER-PROJECT-PAGINATIONSERVICEPROVIDER
CVE-2014-125029	HAS_WEAKNESS	CWE-89
CVE-2014-125030	AFFECTS_PRODUCT	PROD-EMPRESS-PROJECT-EMPRESS
CVE-2014-125030	HAS_WEAKNESS	CWE-259
CVE-2014-125030	HAS_WEAKNESS	CWE-798
CVE-2014-125032	AFFECTS_PRODUCT	PROD-GO-WITH-ME-PROJECT-GO-WITH-ME
CVE-2014-125032	HAS_WEAKNESS	CWE-89
CVE-2014-125033	AFFECTS_PRODUCT	PROD-RAILS-CV-APP-PROJECT-RAILS-CV-APP
CVE-2014-125033	HAS_WEAKNESS	CWE-22
CVE-2014-125033	HAS_WEAKNESS	CWE-24
CVE-2014-125037	AFFECTS_PRODUCT	PROD-LICENSE-TO-KILL-PROJECT-LICENSE-TO-KILL
CVE-2014-125037	HAS_WEAKNESS	CWE-89
CVE-2014-125038	AFFECTS_PRODUCT	PROD-IS-PROJECTO2-PROJECT-IS-PROJECTO2
CVE-2014-125038	HAS_WEAKNESS	CWE-89
CVE-2014-125040	AFFECTS_PRODUCT	PROD-DEVNEWSAGGREGATOR-PROJECT-DEVNEWSAGGREGATOR
CVE-2014-125040	HAS_WEAKNESS	CWE-89
CVE-2014-125041	AFFECTS_PRODUCT	PROD-PROGETTO-COMPLEMENTI-PROJECT-PROGETTO-COMPLEMENTI
CVE-2014-125041	HAS_WEAKNESS	CWE-89
CVE-2014-125044	AFFECTS_PRODUCT	PROD-WING-TIGHT-PROJECT-WING-TIGHT
CVE-2014-125044	HAS_WEAKNESS	CWE-610
CVE-2014-125044	HAS_WEAKNESS	CWE-73
CVE-2014-125045	AFFECTS_PRODUCT	PROD-MEOL1-PROJECT-MEOL1
CVE-2014-125045	HAS_WEAKNESS	CWE-89
CVE-2014-125046	AFFECTS_PRODUCT	PROD-CUB-SCOUT-TRACKER-PROJECT-CUB-SCOUT-TRACKER
CVE-2014-125046	HAS_WEAKNESS	CWE-89
CVE-2014-125047	AFFECTS_PRODUCT	PROD-SCHOOL-STORE-PROJECT-SCHOOL-STORE
CVE-2014-125047	HAS_WEAKNESS	CWE-89
CVE-2014-125049	AFFECTS_PRODUCT	PROD-BLOGILE-PROJECT-BLOGILE
CVE-2014-125049	HAS_WEAKNESS	CWE-89
CVE-2014-125050	AFFECTS_PRODUCT	PROD-VOTER-JS-PROJECT-VOTER-JS
CVE-2014-125050	HAS_WEAKNESS	CWE-89
CVE-2014-125051	AFFECTS_PRODUCT	PROD-YII2-JQGRID-WIDGET-PROJECT-YII2-JQGRID-WIDGET
CVE-2014-125051	HAS_WEAKNESS	CWE-89
CVE-2014-125052	AFFECTS_PRODUCT	PROD-SPARQL-IDENTIFIERS-PROJECT-SPARQL-IDENTIFIERS
CVE-2014-125052	HAS_WEAKNESS	CWE-89
CVE-2014-125053	AFFECTS_PRODUCT	PROD-PIWIGO-GUESTBOOK
CVE-2014-125053	HAS_WEAKNESS	CWE-89
CVE-2014-125057	AFFECTS_PRODUCT	PROD-ROBITAILLETHEKNOT-PROJECT-ROBITAILLETHEKNOT
CVE-2014-125057	HAS_WEAKNESS	CWE-697
CVE-2014-125058	AFFECTS_PRODUCT	PROD-ADDRESS-BOOK-PROJECT-ADDRESS-BOOK
CVE-2014-125058	HAS_WEAKNESS	CWE-89
CVE-2014-125059	AFFECTS_PRODUCT	PROD-STERNENBLOG-PROJECT-STERNENBLOG
CVE-2014-125059	HAS_WEAKNESS	CWE-73
CVE-2014-125060	AFFECTS_PRODUCT	PROD-COLLABCAL-PROJECT-COLLABCAL
CVE-2014-125060	HAS_WEAKNESS	CWE-287
CVE-2014-125061	AFFECTS_PRODUCT	PROD-FILEBROKER-PROJECT-FILEBROKER
CVE-2014-125061	HAS_WEAKNESS	CWE-89
CVE-2014-125062	AFFECTS_PRODUCT	PROD-BITSTORM-PROJECT-BITSTORM
CVE-2014-125062	HAS_WEAKNESS	CWE-89
CVE-2014-125063	AFFECTS_PRODUCT	PROD-BID-PROJECT-BID
CVE-2014-125063	HAS_WEAKNESS	CWE-89
CVE-2014-125065	AFFECTS_PRODUCT	PROD-BOTTLE-AUTH-PROJECT-BOTTLE-AUTH
CVE-2014-125065	HAS_WEAKNESS	CWE-89
CVE-2014-125066	AFFECTS_PRODUCT	PROD-YUKO-BOT-PROJECT-YUKO-BOT
CVE-2014-125066	HAS_WEAKNESS	CWE-404
CVE-2014-125067	AFFECTS_PRODUCT	PROD-CURIOSITY-PROJECT-CURIOSITY
CVE-2014-125067	HAS_WEAKNESS	CWE-89
CVE-2014-125071	AFFECTS_PRODUCT	PROD-GRIBBIT-PROJECT-GRIBBIT
CVE-2014-125071	HAS_WEAKNESS	CWE-1385
CVE-2014-125071	HAS_WEAKNESS	CWE-346
CVE-2014-125072	AFFECTS_PRODUCT	PROD-KLATTR-PROJECT-KLATTR
CVE-2014-125072	HAS_WEAKNESS	CWE-89
CVE-2014-125073	AFFECTS_PRODUCT	PROD-VOTEAPP-PROJECT-VOTEAPP
CVE-2014-125073	HAS_WEAKNESS	CWE-89
CVE-2014-125074	AFFECTS_PRODUCT	PROD-VOYAGER-PROJECT-VOYAGER
CVE-2014-125074	HAS_WEAKNESS	CWE-89
CVE-2014-125075	AFFECTS_PRODUCT	PROD-GMAIL-SERVLET-PROJECT-GMAIL-SERVLET
CVE-2014-125075	HAS_WEAKNESS	CWE-89
CVE-2014-125076	AFFECTS_PRODUCT	PROD-CRIMINALS-PROJECT-CRIMINALS
CVE-2014-125076	HAS_WEAKNESS	CWE-89
CVE-2015-10008	AFFECTS_PRODUCT	PROD-WEIPDCRM-PROJECT-WEIPDCRM
CVE-2015-10008	HAS_WEAKNESS	CWE-89
CVE-2015-10009	AFFECTS_PRODUCT	PROD-NONFICTION-NTERCHANGE
CVE-2015-10009	HAS_WEAKNESS	CWE-94
CVE-2015-10011	AFFECTS_PRODUCT	PROD-CISCO-OPENRESOLVE
CVE-2015-10011	HAS_WEAKNESS	CWE-116
CVE-2015-10011	HAS_WEAKNESS	CWE-117
CVE-2015-10012	AFFECTS_PRODUCT	PROD-SUMOCODERS-FRAMEWORKUSERBUNDLE
CVE-2015-10012	HAS_WEAKNESS	CWE-209
CVE-2015-10014	AFFECTS_PRODUCT	PROD-UKE-PROJECT-UKE
CVE-2015-10014	HAS_WEAKNESS	CWE-89
CVE-2015-10015	AFFECTS_PRODUCT	PROD-GLIDERNET-OGN-LIVE
CVE-2015-10015	HAS_WEAKNESS	CWE-89
CVE-2015-10016	AFFECTS_PRODUCT	PROD-OPENSIM-UTILS-PROJECT-OPENSIM-UTILS
CVE-2015-10016	HAS_WEAKNESS	CWE-89
CVE-2015-10017	AFFECTS_PRODUCT	PROD-HPI-PROLOD
CVE-2015-10017	HAS_WEAKNESS	CWE-89
CVE-2015-10018	AFFECTS_PRODUCT	PROD-WEBERP-D2FILES
CVE-2015-10018	HAS_WEAKNESS	CWE-89
CVE-2015-10022	AFFECTS_PRODUCT	PROD-NLGIS2-PROJECT-NLGIS2
CVE-2015-10022	HAS_WEAKNESS	CWE-89
CVE-2015-10023	AFFECTS_PRODUCT	PROD-TRELLO-OCTOMETRIC-PROJECT-TRELLO-OCTOMETRIC
CVE-2015-10023	HAS_WEAKNESS	CWE-89
CVE-2015-10024	AFFECTS_PRODUCT	PROD-LARASYNC-PROJECT-LARASYNC
CVE-2015-10024	HAS_WEAKNESS	CWE-22
CVE-2015-10025	AFFECTS_PRODUCT	PROD-MINICONF-PROJECT-MINICONF
CVE-2015-10025	HAS_WEAKNESS	CWE-404
CVE-2015-10026	AFFECTS_PRODUCT	PROD-FLAIRBOT-PROJECT-FLAIRBOT
CVE-2015-10026	HAS_WEAKNESS	CWE-89
CVE-2015-10027	AFFECTS_PRODUCT	PROD-TTRRS-AUTH-LDAP-PROJECT-TTRRS-AUTH-LDAP
CVE-2015-10027	HAS_WEAKNESS	CWE-74
CVE-2015-10027	HAS_WEAKNESS	CWE-90
CVE-2015-10029	AFFECTS_PRODUCT	PROD-SIMPLEXRD-PROJECT-SIMPLEXRD
CVE-2015-10029	HAS_WEAKNESS	CWE-611
CVE-2015-10031	AFFECTS_PRODUCT	PROD-GITHUB-491-PROJECT
CVE-2015-10031	HAS_WEAKNESS	CWE-89
CVE-2015-10034	AFFECTS_PRODUCT	PROD-WORKOUT-ORGANIZER-PROJECT-WORKOUT-ORGANIZER
CVE-2015-10034	HAS_WEAKNESS	CWE-89
CVE-2015-10035	AFFECTS_PRODUCT	PROD-ANGULAR-TEST-REPORTER-PROJECT-ANGULAR-TEST-REPORTER
CVE-2015-10035	HAS_WEAKNESS	CWE-89
CVE-2015-10036	AFFECTS_PRODUCT	PROD-DRONFELIPE-PROJECT-DRONFELIPE
CVE-2015-10036	HAS_WEAKNESS	CWE-89
CVE-2015-10037	AFFECTS_PRODUCT	PROD-ACI-ESCOLA-PROJECT-ACI-ESCOLA
CVE-2015-10037	HAS_WEAKNESS	CWE-89
CVE-2015-10038	AFFECTS_PRODUCT	PROD-PPLV2-PROJECT-PPLV2
CVE-2015-10038	HAS_WEAKNESS	CWE-89
CVE-2015-10039	AFFECTS_PRODUCT	PROD-DOMINO-PROJECT-DOMINO
CVE-2015-10039	HAS_WEAKNESS	CWE-89
CVE-2016-15007	AFFECTS_PRODUCT	PROD-CENTRALIZED-SALESFORCE-DEVELOPMENT-FRAMEWORK-PROJECT-CENTRALIZED-SALESFORCE-DEVELOPMENT-FRAMEWORK
CVE-2016-15007	HAS_WEAKNESS	CWE-74
CVE-2016-15009	AFFECTS_PRODUCT	PROD-OPENACS-BUG-TRACKER
CVE-2016-15009	HAS_WEAKNESS	CWE-352
CVE-2016-15011	AFFECTS_PRODUCT	PROD-E-CONTRACT-DSSP
CVE-2016-15011	HAS_WEAKNESS	CWE-611
CVE-2016-15012	AFFECTS_PRODUCT	PROD-SALESFORCE-MOBILE-SOFTWARE-DEVELOPMENT-KIT
CVE-2016-15012	HAS_WEAKNESS	CWE-89
CVE-2016-15013	AFFECTS_PRODUCT	PROD-FORUMHULP-SEARCH-RESULTS
CVE-2016-15013	HAS_WEAKNESS	CWE-89
CVE-2016-15016	AFFECTS_PRODUCT	PROD-JOOMLA-MOD-EINSATZ-STATS-PROJECT-JOOMLA-MOD-EINSATZ-STATS
CVE-2016-15016	HAS_WEAKNESS	CWE-89
CVE-2016-15017	AFFECTS_PRODUCT	PROD-ECODEV-MEDIA-UPLOAD
CVE-2016-15017	HAS_WEAKNESS	CWE-21
CVE-2016-15017	HAS_WEAKNESS	CWE-22
CVE-2017-0144	AFFECTS_PRODUCT	PROD-MICROSOFT-SERVER-MESSAGE-BLOCK
CVE-2017-0144	AFFECTS_PRODUCT	PROD-MICROSOFT-WINDOWS-10-1507
CVE-2017-0144	AFFECTS_PRODUCT	PROD-MICROSOFT-WINDOWS-10-1511
CVE-2017-14454	AFFECTS_PRODUCT	PROD-INSTEON-HUB
CVE-2017-14454	AFFECTS_PRODUCT	PROD-INSTEON-HUB-FIRMWARE
CVE-2017-14454	HAS_WEAKNESS	CWE-120
CVE-2017-16256	AFFECTS_PRODUCT	PROD-INSTEON-HUB
CVE-2017-16256	AFFECTS_PRODUCT	PROD-INSTEON-HUB-FIRMWARE
CVE-2017-16256	HAS_WEAKNESS	CWE-121
CVE-2017-16256	HAS_WEAKNESS	CWE-787
CVE-2017-16257	AFFECTS_PRODUCT	PROD-INSTEON-HUB
CVE-2017-16257	AFFECTS_PRODUCT	PROD-INSTEON-HUB-FIRMWARE
CVE-2017-16257	HAS_WEAKNESS	CWE-121
CVE-2017-16257	HAS_WEAKNESS	CWE-787
CVE-2017-16258	AFFECTS_PRODUCT	PROD-INSTEON-HUB
CVE-2017-16258	AFFECTS_PRODUCT	PROD-INSTEON-HUB-FIRMWARE
CVE-2017-16258	HAS_WEAKNESS	CWE-121
CVE-2017-16258	HAS_WEAKNESS	CWE-787
CVE-2017-16259	AFFECTS_PRODUCT	PROD-INSTEON-HUB
CVE-2017-16259	AFFECTS_PRODUCT	PROD-INSTEON-HUB-FIRMWARE
CVE-2017-16259	HAS_WEAKNESS	CWE-121
CVE-2017-16259	HAS_WEAKNESS	CWE-787
CVE-2017-16260	AFFECTS_PRODUCT	PROD-INSTEON-HUB
CVE-2017-16260	AFFECTS_PRODUCT	PROD-INSTEON-HUB-FIRMWARE
CVE-2017-16260	HAS_WEAKNESS	CWE-121
CVE-2017-16260	HAS_WEAKNESS	CWE-787
CVE-2017-16261	AFFECTS_PRODUCT	PROD-INSTEON-HUB
CVE-2017-16261	AFFECTS_PRODUCT	PROD-INSTEON-HUB-FIRMWARE
CVE-2017-16261	HAS_WEAKNESS	CWE-121
CVE-2017-16261	HAS_WEAKNESS	CWE-787
CVE-2017-16262	AFFECTS_PRODUCT	PROD-INSTEON-HUB
CVE-2017-16262	AFFECTS_PRODUCT	PROD-INSTEON-HUB-FIRMWARE
CVE-2017-16262	HAS_WEAKNESS	CWE-121
CVE-2017-16262	HAS_WEAKNESS	CWE-787
CVE-2017-16263	AFFECTS_PRODUCT	PROD-INSTEON-HUB
CVE-2017-16263	AFFECTS_PRODUCT	PROD-INSTEON-HUB-FIRMWARE
CVE-2017-16263	HAS_WEAKNESS	CWE-121
CVE-2017-16263	HAS_WEAKNESS	CWE-787
CVE-2017-16264	AFFECTS_PRODUCT	PROD-INSTEON-HUB
CVE-2017-16264	AFFECTS_PRODUCT	PROD-INSTEON-HUB-FIRMWARE
CVE-2017-16264	HAS_WEAKNESS	CWE-121
CVE-2017-16264	HAS_WEAKNESS	CWE-787
CVE-2017-16265	AFFECTS_PRODUCT	PROD-INSTEON-HUB
CVE-2017-16265	AFFECTS_PRODUCT	PROD-INSTEON-HUB-FIRMWARE
CVE-2017-16265	HAS_WEAKNESS	CWE-121
CVE-2017-16265	HAS_WEAKNESS	CWE-787
CVE-2017-16266	AFFECTS_PRODUCT	PROD-INSTEON-HUB
CVE-2017-16266	AFFECTS_PRODUCT	PROD-INSTEON-HUB-FIRMWARE
CVE-2017-16266	HAS_WEAKNESS	CWE-121
CVE-2017-16266	HAS_WEAKNESS	CWE-787
CVE-2017-16267	AFFECTS_PRODUCT	PROD-INSTEON-HUB
CVE-2017-16267	AFFECTS_PRODUCT	PROD-INSTEON-HUB-FIRMWARE
CVE-2017-16267	HAS_WEAKNESS	CWE-121
CVE-2017-16267	HAS_WEAKNESS	CWE-787
CVE-2017-16268	AFFECTS_PRODUCT	PROD-INSTEON-HUB
CVE-2017-16268	AFFECTS_PRODUCT	PROD-INSTEON-HUB-FIRMWARE
CVE-2017-16268	HAS_WEAKNESS	CWE-121
CVE-2017-16268	HAS_WEAKNESS	CWE-787
CVE-2017-16269	AFFECTS_PRODUCT	PROD-INSTEON-HUB
CVE-2017-16269	AFFECTS_PRODUCT	PROD-INSTEON-HUB-FIRMWARE
CVE-2017-16269	HAS_WEAKNESS	CWE-121
CVE-2017-16269	HAS_WEAKNESS	CWE-787
CVE-2017-16270	AFFECTS_PRODUCT	PROD-INSTEON-HUB
CVE-2017-16270	AFFECTS_PRODUCT	PROD-INSTEON-HUB-FIRMWARE
CVE-2017-16270	HAS_WEAKNESS	CWE-121
CVE-2017-16270	HAS_WEAKNESS	CWE-787
CVE-2017-16271	AFFECTS_PRODUCT	PROD-INSTEON-HUB
CVE-2017-16271	AFFECTS_PRODUCT	PROD-INSTEON-HUB-FIRMWARE
CVE-2017-16271	HAS_WEAKNESS	CWE-121
CVE-2017-16272	AFFECTS_PRODUCT	PROD-INSTEON-HUB
CVE-2017-16272	AFFECTS_PRODUCT	PROD-INSTEON-HUB-FIRMWARE
CVE-2017-16272	HAS_WEAKNESS	CWE-121
CVE-2017-16273	AFFECTS_PRODUCT	PROD-INSTEON-HUB
CVE-2017-16273	AFFECTS_PRODUCT	PROD-INSTEON-HUB-FIRMWARE
CVE-2017-16273	HAS_WEAKNESS	CWE-121
CVE-2017-16273	HAS_WEAKNESS	CWE-787
CVE-2017-16274	AFFECTS_PRODUCT	PROD-INSTEON-HUB
CVE-2017-16274	AFFECTS_PRODUCT	PROD-INSTEON-HUB-FIRMWARE
CVE-2017-16274	HAS_WEAKNESS	CWE-121
CVE-2017-16275	AFFECTS_PRODUCT	PROD-INSTEON-HUB
CVE-2017-16275	AFFECTS_PRODUCT	PROD-INSTEON-HUB-FIRMWARE
CVE-2017-16275	HAS_WEAKNESS	CWE-121
CVE-2017-16276	AFFECTS_PRODUCT	PROD-INSTEON-HUB
CVE-2017-16276	AFFECTS_PRODUCT	PROD-INSTEON-HUB-FIRMWARE
CVE-2017-16276	HAS_WEAKNESS	CWE-121
CVE-2017-16277	AFFECTS_PRODUCT	PROD-INSTEON-HUB
CVE-2017-16277	AFFECTS_PRODUCT	PROD-INSTEON-HUB-FIRMWARE
CVE-2017-16277	HAS_WEAKNESS	CWE-121
CVE-2017-16278	AFFECTS_PRODUCT	PROD-INSTEON-HUB
CVE-2017-16278	AFFECTS_PRODUCT	PROD-INSTEON-HUB-FIRMWARE
CVE-2017-16278	HAS_WEAKNESS	CWE-121
CVE-2017-16279	AFFECTS_PRODUCT	PROD-INSTEON-HUB
CVE-2017-16279	AFFECTS_PRODUCT	PROD-INSTEON-HUB-FIRMWARE
CVE-2017-16279	HAS_WEAKNESS	CWE-121
CVE-2017-16280	AFFECTS_PRODUCT	PROD-INSTEON-HUB
CVE-2017-16280	AFFECTS_PRODUCT	PROD-INSTEON-HUB-FIRMWARE
CVE-2017-16280	HAS_WEAKNESS	CWE-121
CVE-2017-16281	AFFECTS_PRODUCT	PROD-INSTEON-HUB
CVE-2017-16281	AFFECTS_PRODUCT	PROD-INSTEON-HUB-FIRMWARE
CVE-2017-16281	HAS_WEAKNESS	CWE-121
CVE-2017-16281	HAS_WEAKNESS	CWE-787
CVE-2017-16282	AFFECTS_PRODUCT	PROD-INSTEON-HUB
CVE-2017-16282	AFFECTS_PRODUCT	PROD-INSTEON-HUB-FIRMWARE
CVE-2017-16282	HAS_WEAKNESS	CWE-121
CVE-2017-16283	AFFECTS_PRODUCT	PROD-INSTEON-HUB
CVE-2017-16283	AFFECTS_PRODUCT	PROD-INSTEON-HUB-FIRMWARE
CVE-2017-16283	HAS_WEAKNESS	CWE-121
CVE-2017-16284	AFFECTS_PRODUCT	PROD-INSTEON-HUB
CVE-2017-16284	AFFECTS_PRODUCT	PROD-INSTEON-HUB-FIRMWARE
CVE-2017-16284	HAS_WEAKNESS	CWE-121
CVE-2017-16285	AFFECTS_PRODUCT	PROD-INSTEON-HUB
CVE-2017-16285	AFFECTS_PRODUCT	PROD-INSTEON-HUB-FIRMWARE
CVE-2017-16285	HAS_WEAKNESS	CWE-121
CVE-2017-16286	AFFECTS_PRODUCT	PROD-INSTEON-HUB
CVE-2017-16286	AFFECTS_PRODUCT	PROD-INSTEON-HUB-FIRMWARE
CVE-2017-16286	HAS_WEAKNESS	CWE-121
CVE-2017-16287	AFFECTS_PRODUCT	PROD-INSTEON-HUB
CVE-2017-16287	AFFECTS_PRODUCT	PROD-INSTEON-HUB-FIRMWARE
CVE-2017-16287	HAS_WEAKNESS	CWE-121
CVE-2017-16288	AFFECTS_PRODUCT	PROD-INSTEON-HUB
CVE-2017-16288	AFFECTS_PRODUCT	PROD-INSTEON-HUB-FIRMWARE
CVE-2017-16288	HAS_WEAKNESS	CWE-121
CVE-2017-16289	AFFECTS_PRODUCT	PROD-INSTEON-HUB
CVE-2017-16289	AFFECTS_PRODUCT	PROD-INSTEON-HUB-FIRMWARE
CVE-2017-16289	HAS_WEAKNESS	CWE-121
CVE-2017-16290	AFFECTS_PRODUCT	PROD-INSTEON-HUB
CVE-2017-16290	AFFECTS_PRODUCT	PROD-INSTEON-HUB-FIRMWARE
CVE-2017-16290	HAS_WEAKNESS	CWE-121
CVE-2017-16291	AFFECTS_PRODUCT	PROD-INSTEON-HUB
CVE-2017-16291	AFFECTS_PRODUCT	PROD-INSTEON-HUB-FIRMWARE
CVE-2017-16291	HAS_WEAKNESS	CWE-121
CVE-2017-16292	AFFECTS_PRODUCT	PROD-INSTEON-HUB
CVE-2017-16292	AFFECTS_PRODUCT	PROD-INSTEON-HUB-FIRMWARE
CVE-2017-16292	HAS_WEAKNESS	CWE-121
CVE-2017-16292	HAS_WEAKNESS	CWE-787
CVE-2017-16293	AFFECTS_PRODUCT	PROD-INSTEON-HUB
CVE-2017-16293	AFFECTS_PRODUCT	PROD-INSTEON-HUB-FIRMWARE
CVE-2017-16293	HAS_WEAKNESS	CWE-121
CVE-2017-16294	AFFECTS_PRODUCT	PROD-INSTEON-HUB
CVE-2017-16294	AFFECTS_PRODUCT	PROD-INSTEON-HUB-FIRMWARE
CVE-2017-16294	HAS_WEAKNESS	CWE-121
CVE-2017-16295	AFFECTS_PRODUCT	PROD-INSTEON-INSTEON-HUB
CVE-2017-16295	AFFECTS_PRODUCT	PROD-INSTEON-INSTEON-HUB-FIRMWARE
CVE-2017-16295	HAS_WEAKNESS	CWE-121
CVE-2017-16296	AFFECTS_PRODUCT	PROD-INSTEON-INSTEON-HUB
CVE-2017-16296	AFFECTS_PRODUCT	PROD-INSTEON-INSTEON-HUB-FIRMWARE
CVE-2017-16296	HAS_WEAKNESS	CWE-121
CVE-2017-16297	AFFECTS_PRODUCT	PROD-INSTEON-INSTEON-HUB
CVE-2017-16297	AFFECTS_PRODUCT	PROD-INSTEON-INSTEON-HUB-FIRMWARE
CVE-2017-16297	HAS_WEAKNESS	CWE-121
CVE-2017-16298	AFFECTS_PRODUCT	PROD-INSTEON-INSTEON-HUB
CVE-2017-16298	AFFECTS_PRODUCT	PROD-INSTEON-INSTEON-HUB-FIRMWARE
CVE-2017-16298	HAS_WEAKNESS	CWE-121
CVE-2017-16299	AFFECTS_PRODUCT	PROD-INSTEON-INSTEON-HUB
CVE-2017-16299	AFFECTS_PRODUCT	PROD-INSTEON-INSTEON-HUB-FIRMWARE
CVE-2017-16299	HAS_WEAKNESS	CWE-121
CVE-2017-16300	AFFECTS_PRODUCT	PROD-INSTEON-INSTEON-HUB
CVE-2017-16300	AFFECTS_PRODUCT	PROD-INSTEON-INSTEON-HUB-FIRMWARE
CVE-2017-16300	HAS_WEAKNESS	CWE-121
CVE-2017-16301	AFFECTS_PRODUCT	PROD-INSTEON-HUB
CVE-2017-16301	AFFECTS_PRODUCT	PROD-INSTEON-HUB-FIRMWARE
CVE-2017-16301	HAS_WEAKNESS	CWE-121
CVE-2017-16301	HAS_WEAKNESS	CWE-787
CVE-2017-16302	AFFECTS_PRODUCT	PROD-INSTEON-HUB
CVE-2017-16302	AFFECTS_PRODUCT	PROD-INSTEON-HUB-FIRMWARE
CVE-2017-16302	HAS_WEAKNESS	CWE-121
CVE-2017-16302	HAS_WEAKNESS	CWE-787
CVE-2017-16303	AFFECTS_PRODUCT	PROD-INSTEON-HUB
CVE-2017-16303	AFFECTS_PRODUCT	PROD-INSTEON-HUB-FIRMWARE
CVE-2017-16303	HAS_WEAKNESS	CWE-121
CVE-2017-16304	AFFECTS_PRODUCT	PROD-INSTEON-HUB
CVE-2017-16304	AFFECTS_PRODUCT	PROD-INSTEON-HUB-FIRMWARE
CVE-2017-16304	HAS_WEAKNESS	CWE-121
CVE-2017-16305	AFFECTS_PRODUCT	PROD-INSTEON-HUB
CVE-2017-16305	AFFECTS_PRODUCT	PROD-INSTEON-HUB-FIRMWARE
CVE-2017-16305	HAS_WEAKNESS	CWE-121
CVE-2017-16306	AFFECTS_PRODUCT	PROD-INSTEON-HUB
CVE-2017-16306	AFFECTS_PRODUCT	PROD-INSTEON-HUB-FIRMWARE
CVE-2017-16306	HAS_WEAKNESS	CWE-121
CVE-2017-16307	AFFECTS_PRODUCT	PROD-INSTEON-HUB
CVE-2017-16307	AFFECTS_PRODUCT	PROD-INSTEON-HUB-FIRMWARE
CVE-2017-16307	HAS_WEAKNESS	CWE-121
CVE-2017-16308	AFFECTS_PRODUCT	PROD-INSTEON-HUB
CVE-2017-16308	AFFECTS_PRODUCT	PROD-INSTEON-HUB-FIRMWARE
CVE-2017-16308	HAS_WEAKNESS	CWE-121
CVE-2017-16309	AFFECTS_PRODUCT	PROD-INSTEON-HUB
CVE-2017-16309	AFFECTS_PRODUCT	PROD-INSTEON-HUB-FIRMWARE
CVE-2017-16309	HAS_WEAKNESS	CWE-121
CVE-2017-16310	AFFECTS_PRODUCT	PROD-INSTEON-HUB
CVE-2017-16310	AFFECTS_PRODUCT	PROD-INSTEON-HUB-FIRMWARE
CVE-2017-16310	HAS_WEAKNESS	CWE-121
CVE-2017-16311	AFFECTS_PRODUCT	PROD-INSTEON-HUB
CVE-2017-16311	AFFECTS_PRODUCT	PROD-INSTEON-HUB-FIRMWARE
CVE-2017-16311	HAS_WEAKNESS	CWE-121
CVE-2017-16312	AFFECTS_PRODUCT	PROD-INSTEON-HUB
CVE-2017-16312	AFFECTS_PRODUCT	PROD-INSTEON-HUB-FIRMWARE
CVE-2017-16312	HAS_WEAKNESS	CWE-121
CVE-2017-20161	AFFECTS_PRODUCT	PROD-MACGEIGER-PROJECT-MACGEIGER
CVE-2017-20161	HAS_WEAKNESS	CWE-74
CVE-2017-20163	AFFECTS_PRODUCT	PROD-NVIEW-PROJECT-NVIEW
CVE-2017-20163	HAS_WEAKNESS	CWE-89
CVE-2017-20165	AFFECTS_PRODUCT	PROD-DEBUG-PROJECT-DEBUG
CVE-2017-20165	HAS_WEAKNESS	CWE-1333
CVE-2017-20166	AFFECTS_PRODUCT	PROD-ECTO-PROJECT-ECTO
CVE-2017-20166	HAS_WEAKNESS	CWE-754
CVE-2017-20168	AFFECTS_PRODUCT	PROD-PIWALLET-PROJECT-PIWALLET
CVE-2017-20168	HAS_WEAKNESS	CWE-89
CVE-2017-5242	AFFECTS_PRODUCT	PROD-RAPID7-INSIGHTVM
CVE-2017-5242	HAS_WEAKNESS	CWE-321
CVE-2017-5242	HAS_WEAKNESS	CWE-330
CVE-2017-5638	AFFECTS_PRODUCT	PROD-APACHE-STRUTS
CVE-2017-5638	AFFECTS_PRODUCT	PROD-IBM-STORWIZE-V3500
CVE-2017-5638	AFFECTS_PRODUCT	PROD-IBM-STORWIZE-V3500-FIRMWARE
CVE-2017-5638	AFFECTS_PRODUCT	PROD-STRUTS2
CVE-2017-5638	HAS_MITIGATION	MIT-001
CVE-2017-5638	HAS_MITIGATION	MIT-003
CVE-2017-5638	HAS_WEAKNESS	CWE-20
CVE-2017-5638	HAS_WEAKNESS	CWE-755
CVE-2017-5638	HAS_WEAKNESS	CWE-78
CVE-2017-5638	USES_TECHNIQUE	T1059
CVE-2018-13379	AFFECTS_PRODUCT	PROD-FORTIGATE
CVE-2018-13379	AFFECTS_PRODUCT	PROD-FORTINET-FORTIOS
CVE-2018-13379	AFFECTS_PRODUCT	PROD-FORTINET-FORTIPROXY
CVE-2018-13379	HAS_MITIGATION	MIT-001
CVE-2018-13379	HAS_MITIGATION	MIT-010
CVE-2018-13379	HAS_WEAKNESS	CWE-22
CVE-2018-13379	USES_TECHNIQUE	T1078
CVE-2018-13379	USES_TECHNIQUE	T1190
CVE-2018-25062	AFFECTS_PRODUCT	PROD-ELEMENTALX-ELEMENTALX
CVE-2018-25062	HAS_WEAKNESS	CWE-404
CVE-2018-25066	AFFECTS_PRODUCT	PROD-NODEBATIS-PROJECT-NODEBATIS
CVE-2018-25066	HAS_WEAKNESS	CWE-89
CVE-2018-25067	AFFECTS_PRODUCT	PROD-JOOMGALLERY-PROJECT-JOOMGALLERY
CVE-2018-25067	HAS_WEAKNESS	CWE-89
CVE-2018-25068	AFFECTS_PRODUCT	PROD-GLOBALPOM-UTILS-PROJECT-GLOBALPOM-UTILS
CVE-2018-25068	HAS_WEAKNESS	CWE-377
CVE-2018-25068	HAS_WEAKNESS	CWE-668
CVE-2018-25069	AFFECTS_PRODUCT	PROD-NETIS-SYSTEMS-NETCORE-ROUTER
CVE-2018-25069	AFFECTS_PRODUCT	PROD-NETIS-SYSTEMS-NETCORE-ROUTER-FIRMWARE
CVE-2018-25069	HAS_WEAKNESS	CWE-259
CVE-2018-25070	AFFECTS_PRODUCT	PROD-AISTA-PHOSPHORUS-FIVE
CVE-2018-25070	HAS_WEAKNESS	CWE-89
CVE-2018-25071	AFFECTS_PRODUCT	PROD-ROXLUKAS-LMEVE
CVE-2018-25071	HAS_WEAKNESS	CWE-89
CVE-2018-25072	AFFECTS_PRODUCT	PROD-LOJBAN-JBOVLASTE
CVE-2018-25072	HAS_WEAKNESS	CWE-89
CVE-2018-25074	AFFECTS_PRODUCT	PROD-SKEEMAS-PROJECT-SKEEMAS
CVE-2018-25074	HAS_WEAKNESS	CWE-1333
CVE-2019-0708	AFFECTS_PRODUCT	PROD-MICROSOFT-WINDOWS-7
CVE-2019-0708	AFFECTS_PRODUCT	PROD-MICROSOFT-WINDOWS-SERVER-2008
CVE-2019-0708	AFFECTS_PRODUCT	PROD-SIEMENS-AXIOM-MULTIX-M-FIRMWARE
CVE-2019-0708	HAS_WEAKNESS	CWE-416
CVE-2019-13768	AFFECTS_PRODUCT	PROD-GOOGLE-CHROME
CVE-2019-13768	HAS_WEAKNESS	CWE-416
CVE-2019-19781	AFFECTS_PRODUCT	PROD-CITRIX-ADC
CVE-2019-19781	AFFECTS_PRODUCT	PROD-CITRIX-APPLICATION-DELIVERY-CONTROLLER
CVE-2019-19781	AFFECTS_PRODUCT	PROD-CITRIX-APPLICATION-DELIVERY-CONTROLLER-FIRMWARE
CVE-2019-19781	AFFECTS_PRODUCT	PROD-CITRIX-NETSCALER-GATEWAY-FIRMWARE
CVE-2019-19781	HAS_MITIGATION	MIT-001
CVE-2019-19781	HAS_MITIGATION	MIT-006
CVE-2019-19781	HAS_WEAKNESS	CWE-22
CVE-2019-19781	USES_TECHNIQUE	T1190
CVE-2019-19781	USES_TECHNIQUE	T1505.003
CVE-2019-25097	AFFECTS_PRODUCT	PROD-EXTPLORER-EXTPLORER
CVE-2019-25097	HAS_WEAKNESS	CWE-22
CVE-2019-25098	AFFECTS_PRODUCT	PROD-EXTPLORER-EXTPLORER
CVE-2019-25098	HAS_WEAKNESS	CWE-22
CVE-2019-25100	AFFECTS_PRODUCT	PROD-TWMAP-PROJECT-TWMAP
CVE-2019-25100	HAS_WEAKNESS	CWE-89
CVE-2020-0796	AFFECTS_PRODUCT	PROD-MICROSOFT-WINDOWS-10-1903
CVE-2020-0796	AFFECTS_PRODUCT	PROD-MICROSOFT-WINDOWS-10-1909
CVE-2020-0796	AFFECTS_PRODUCT	PROD-MICROSOFT-WINDOWS-SERVER-1903
CVE-2020-0796	AFFECTS_PRODUCT	PROD-WINDOWS-SMB
CVE-2020-0796	HAS_MITIGATION	MIT-001
CVE-2020-0796	HAS_MITIGATION	MIT-006
CVE-2020-0796	HAS_WEAKNESS	CWE-119
CVE-2020-0796	HAS_WEAKNESS	CWE-20
CVE-2020-0796	USES_TECHNIQUE	T1068
CVE-2020-0796	USES_TECHNIQUE	T1210
CVE-2020-1472	AFFECTS_PRODUCT	PROD-MICROSOFT-WINDOWS-SERVER-1903
CVE-2020-1472	AFFECTS_PRODUCT	PROD-MICROSOFT-WINDOWS-SERVER-1909
CVE-2020-1472	AFFECTS_PRODUCT	PROD-MICROSOFT-WINDOWS-SERVER-2004
CVE-2020-36639	AFFECTS_PRODUCT	PROD-ALLIEDMODS-AMX-MOD-X
CVE-2020-36639	AFFECTS_PRODUCT	PROD-MICROSOFT-WINDOWS
CVE-2020-36639	HAS_WEAKNESS	CWE-22
CVE-2020-36640	AFFECTS_PRODUCT	PROD-BONITASOFT-WEBSERVICE-CONNECTOR
CVE-2020-36640	HAS_WEAKNESS	CWE-611
CVE-2020-36641	AFFECTS_PRODUCT	PROD-GTURRI-AXMLRPC
CVE-2020-36641	HAS_WEAKNESS	CWE-611
CVE-2020-36642	AFFECTS_PRODUCT	PROD-JOBE-PROJECT-JOBE
CVE-2020-36642	HAS_WEAKNESS	CWE-77
CVE-2020-36645	AFFECTS_PRODUCT	PROD-SQUAREUP-SQUALOR
CVE-2020-36645	HAS_WEAKNESS	CWE-89
CVE-2020-36646	AFFECTS_PRODUCT	PROD-MEDIAAREA-ZENLIB
CVE-2020-36646	HAS_WEAKNESS	CWE-476
CVE-2020-36646	HAS_WEAKNESS	CWE-690
CVE-2020-36648	AFFECTS_PRODUCT	PROD-POUET-POUET2.0
CVE-2020-36648	HAS_WEAKNESS	CWE-89
CVE-2020-36649	AFFECTS_PRODUCT	PROD-PAPAPARSE-PAPAPARSE
CVE-2020-36649	HAS_WEAKNESS	CWE-1333
CVE-2020-36650	AFFECTS_PRODUCT	PROD-GRY-PROJECT-GRY
CVE-2020-36650	HAS_WEAKNESS	CWE-77
CVE-2021-26316	AFFECTS_PRODUCT	PROD-AMD-EPYC-7F72-FIRMWARE
CVE-2021-26316	AFFECTS_PRODUCT	PROD-AMD-EPYC-7H12
CVE-2021-26316	AFFECTS_PRODUCT	PROD-AMD-EPYC-7H12-FIRMWARE
CVE-2021-26316	HAS_WEAKNESS	CWE-20
CVE-2021-26398	AFFECTS_PRODUCT	PROD-AMD-EPYC-7F72-FIRMWARE
CVE-2021-26398	AFFECTS_PRODUCT	PROD-AMD-EPYC-7H12
CVE-2021-26398	AFFECTS_PRODUCT	PROD-AMD-EPYC-7H12-FIRMWARE
CVE-2021-26398	HAS_WEAKNESS	CWE-787
CVE-2021-26402	AFFECTS_PRODUCT	PROD-AMD-EPYC-7F72-FIRMWARE
CVE-2021-26402	AFFECTS_PRODUCT	PROD-AMD-EPYC-7H12
CVE-2021-26402	AFFECTS_PRODUCT	PROD-AMD-EPYC-7H12-FIRMWARE
CVE-2021-26402	HAS_WEAKNESS	CWE-787
CVE-2021-26409	AFFECTS_PRODUCT	PROD-AMD-MILANPI
CVE-2021-26409	AFFECTS_PRODUCT	PROD-AMD-MILANPI-FIRMWARE
CVE-2021-26409	HAS_WEAKNESS	CWE-120
CVE-2021-26855	AFFECTS_PRODUCT	PROD-MICROSOFT-EXCHANGE-SERVER
CVE-2021-26855	HAS_WEAKNESS	CWE-918
CVE-2021-26857	AFFECTS_PRODUCT	PROD-MICROSOFT-EXCHANGE-SERVER
CVE-2021-26857	HAS_WEAKNESS	CWE-502
CVE-2021-27065	AFFECTS_PRODUCT	PROD-MICROSOFT-EXCHANGE-SERVER
CVE-2021-27065	HAS_WEAKNESS	CWE-22
CVE-2021-30558	AFFECTS_PRODUCT	PROD-GOOGLE-CHROME
CVE-2021-32821	AFFECTS_PRODUCT	PROD-MOOTOOLS-MOOTOOLS
CVE-2021-32821	HAS_WEAKNESS	CWE-1333
CVE-2021-32821	HAS_WEAKNESS	CWE-400
CVE-2021-32824	AFFECTS_PRODUCT	PROD-APACHE-DUBBO
CVE-2021-32824	HAS_WEAKNESS	CWE-502
CVE-2021-34473	AFFECTS_PRODUCT	PROD-EXCHANGE
CVE-2021-34473	AFFECTS_PRODUCT	PROD-MICROSOFT-EXCHANGE-SERVER
CVE-2021-34473	HAS_MITIGATION	MIT-001
CVE-2021-34473	HAS_MITIGATION	MIT-009
CVE-2021-34473	HAS_WEAKNESS	CWE-287
CVE-2021-34473	HAS_WEAKNESS	CWE-918
CVE-2021-34473	USES_TECHNIQUE	T1190
CVE-2021-34473	USES_TECHNIQUE	T1505.003
CVE-2021-34527	AFFECTS_PRODUCT	PROD-MICROSOFT-WINDOWS-10-1507
CVE-2021-34527	AFFECTS_PRODUCT	PROD-MICROSOFT-WINDOWS-10-1607
CVE-2021-34527	AFFECTS_PRODUCT	PROD-MICROSOFT-WINDOWS-10-1809
CVE-2021-3966	AFFECTS_PRODUCT	PROD-ZEPHYRPROJECT-ZEPHYR
CVE-2021-3966	HAS_WEAKNESS	CWE-120
CVE-2021-3966	HAS_WEAKNESS	CWE-122
CVE-2021-40342	AFFECTS_PRODUCT	PROD-HITACHIENERGY-FOXMAN-UN
CVE-2021-40342	AFFECTS_PRODUCT	PROD-HITACHIENERGY-UNEM
CVE-2021-40342	HAS_WEAKNESS	CWE-287
CVE-2021-40342	HAS_WEAKNESS	CWE-798
CVE-2021-4297	AFFECTS_PRODUCT	PROD-JOBE-PROJECT-JOBE
CVE-2021-4297	HAS_WEAKNESS	CWE-276
CVE-2021-4298	AFFECTS_PRODUCT	PROD-ND-SIPITY
CVE-2021-4298	HAS_WEAKNESS	CWE-89
CVE-2021-4299	AFFECTS_PRODUCT	PROD-STRING-KIT-PROJECT-STRING-KIT
CVE-2021-4299	HAS_WEAKNESS	CWE-1333
CVE-2021-4300	AFFECTS_PRODUCT	PROD-HALCYON-PROJECT-HALCYON
CVE-2021-4300	HAS_WEAKNESS	CWE-284
CVE-2021-4301	AFFECTS_PRODUCT	PROD-PHPWCMS-PHPWCMS
CVE-2021-4301	HAS_WEAKNESS	CWE-89
CVE-2021-4304	AFFECTS_PRODUCT	PROD-ULCC-CORE-PROJECT-ULCC-CORE
CVE-2021-4304	HAS_WEAKNESS	CWE-77
CVE-2021-4305	AFFECTS_PRODUCT	PROD-BRIDGELINE-ROBOTS-TXT-GUARD
CVE-2021-4305	HAS_WEAKNESS	CWE-1333
CVE-2021-4306	AFFECTS_PRODUCT	PROD-TERMINAL-KIT-PROJECT-TERMINAL-KIT
CVE-2021-4306	HAS_WEAKNESS	CWE-1333
CVE-2021-4307	AFFECTS_PRODUCT	PROD-BAOBAB-PROJECT-BAOBAB
CVE-2021-4307	HAS_WEAKNESS	CWE-1321
CVE-2021-4308	AFFECTS_PRODUCT	PROD-LBORO-WEBPA
CVE-2021-4308	HAS_WEAKNESS	CWE-89
CVE-2021-4311	AFFECTS_PRODUCT	PROD-TALEND-OPEN-STUDIO
CVE-2021-4311	HAS_WEAKNESS	CWE-611
CVE-2021-44228	AFFECTS_PRODUCT	PROD-LOG4J
CVE-2021-44228	AFFECTS_PRODUCT	PROD-SIEMENS-6BK1602-0AA12-0TP0
CVE-2021-44228	AFFECTS_PRODUCT	PROD-SIEMENS-6BK1602-0AA12-0TP0-FIRMWARE
CVE-2021-44228	AFFECTS_PRODUCT	PROD-SIEMENS-6BK1602-0AA22-0TP0-FIRMWARE
CVE-2021-44228	HAS_MITIGATION	MIT-001
CVE-2021-44228	HAS_MITIGATION	MIT-004
CVE-2021-44228	HAS_MITIGATION	MIT-009
CVE-2021-44228	HAS_WEAKNESS	CWE-20
CVE-2021-44228	HAS_WEAKNESS	CWE-400
CVE-2021-44228	HAS_WEAKNESS	CWE-502
CVE-2021-44228	HAS_WEAKNESS	CWE-917
CVE-2021-44228	USES_TECHNIQUE	T1190
CVE-2021-46779	AFFECTS_PRODUCT	PROD-AMD-MILANPI-FIRMWARE
CVE-2021-46779	AFFECTS_PRODUCT	PROD-AMD-ROMEPI
CVE-2021-46779	AFFECTS_PRODUCT	PROD-AMD-ROMEPI-FIRMWARE
CVE-2021-46779	HAS_WEAKNESS	CWE-787
CVE-2021-46867	AFFECTS_PRODUCT	PROD-HUAWEI-EMUI
CVE-2021-46867	AFFECTS_PRODUCT	PROD-HUAWEI-HARMONYOS
CVE-2021-46867	HAS_WEAKNESS	CWE-125
CVE-2021-46868	AFFECTS_PRODUCT	PROD-HUAWEI-EMUI
CVE-2021-46868	AFFECTS_PRODUCT	PROD-HUAWEI-HARMONYOS
CVE-2021-46868	HAS_WEAKNESS	CWE-125
CVE-2022-0668	AFFECTS_PRODUCT	PROD-JFROG-ARTIFACTORY
CVE-2022-0668	HAS_WEAKNESS	CWE-269
CVE-2022-0668	HAS_WEAKNESS	CWE-274
CVE-2022-0847	AFFECTS_PRODUCT	PROD-FEDORAPROJECT-FEDORA
CVE-2022-0847	AFFECTS_PRODUCT	PROD-LINUX-LINUX-KERNEL
CVE-2022-0847	AFFECTS_PRODUCT	PROD-REDHAT-ENTERPRISE-LINUX
CVE-2022-0847	HAS_WEAKNESS	CWE-665
CVE-2022-1101	AFFECTS_PRODUCT	PROD-EVENT-MANAGEMENT-SYSTEM-PROJECT-EVENT-MANAGEMENT-SYSTEM
CVE-2022-1101	HAS_WEAKNESS	CWE-287
CVE-2022-1388	AFFECTS_PRODUCT	PROD-F5-BIG-IP-ACCESS-POLICY-MANAGER
CVE-2022-1388	AFFECTS_PRODUCT	PROD-F5-BIG-IP-ADVANCED-FIREWALL-MANAGER
CVE-2022-1388	AFFECTS_PRODUCT	PROD-F5-BIG-IP-ANALYTICS
CVE-2022-1388	AFFECTS_PRODUCT	PROD-F5-BIGIP
CVE-2022-1388	HAS_MITIGATION	MIT-001
CVE-2022-1388	HAS_MITIGATION	MIT-007
CVE-2022-1388	HAS_WEAKNESS	CWE-287
CVE-2022-1388	HAS_WEAKNESS	CWE-306
CVE-2022-1388	USES_TECHNIQUE	T1059
CVE-2022-1388	USES_TECHNIQUE	T1190
CVE-2022-2155	AFFECTS_PRODUCT	PROD-HITACHIENERGY-LUMADA-ASSET-PERFORMANCE-MANAGEMENT
CVE-2022-2155	HAS_WEAKNESS	CWE-863
CVE-2022-2196	AFFECTS_PRODUCT	PROD-DEBIAN-DEBIAN-LINUX
CVE-2022-2196	AFFECTS_PRODUCT	PROD-LINUX-LINUX-KERNEL
CVE-2022-2196	HAS_WEAKNESS	CWE-1188
CVE-2022-22088	AFFECTS_PRODUCT	PROD-QUALCOMM-APQ8009
CVE-2022-22088	AFFECTS_PRODUCT	PROD-QUALCOMM-APQ8009-FIRMWARE
CVE-2022-22088	AFFECTS_PRODUCT	PROD-QUALCOMM-APQ8009W-FIRMWARE
CVE-2022-22088	HAS_WEAKNESS	CWE-787
CVE-2022-22338	AFFECTS_PRODUCT	PROD-IBM-STERLING-B2B-INTEGRATOR
CVE-2022-22338	HAS_WEAKNESS	CWE-89
CVE-2022-22965	AFFECTS_PRODUCT	PROD-CISCO-CX-CLOUD-AGENT
CVE-2022-22965	AFFECTS_PRODUCT	PROD-ORACLE-JDK
CVE-2022-22965	AFFECTS_PRODUCT	PROD-SPRING
CVE-2022-22965	AFFECTS_PRODUCT	PROD-VMWARE-SPRING-FRAMEWORK
CVE-2022-22965	HAS_MITIGATION	MIT-001
CVE-2022-22965	HAS_MITIGATION	MIT-002
CVE-2022-22965	HAS_MITIGATION	MIT-003
CVE-2022-22965	HAS_WEAKNESS	CWE-94
CVE-2022-22965	USES_TECHNIQUE	T1190
CVE-2022-23506	AFFECTS_PRODUCT	PROD-LINUXFOUNDATION-SPINNAKER
CVE-2022-23506	HAS_WEAKNESS	CWE-532
CVE-2022-23508	AFFECTS_PRODUCT	PROD-WEAVE-WEAVE-GITOPS
CVE-2022-23508	HAS_WEAKNESS	CWE-284
CVE-2022-23508	HAS_WEAKNESS	CWE-538
CVE-2022-23508	HAS_WEAKNESS	CWE-552
CVE-2022-24682	AFFECTS_PRODUCT	PROD-ZIMBRA
CVE-2022-24682	HAS_MITIGATION	MIT-001
CVE-2022-24682	HAS_MITIGATION	MIT-010
CVE-2022-24682	HAS_WEAKNESS	CWE-863
CVE-2022-24682	USES_TECHNIQUE	T1005
CVE-2022-24682	USES_TECHNIQUE	T1078
CVE-2022-2482	AFFECTS_PRODUCT	PROD-NOKIA-ASIK-AIRSCALE-474021A.101-FIRMWARE
CVE-2022-2482	AFFECTS_PRODUCT	PROD-NOKIA-ASIK-AIRSCALE-474021A.102
CVE-2022-2482	AFFECTS_PRODUCT	PROD-NOKIA-ASIK-AIRSCALE-474021A.102-FIRMWARE
CVE-2022-2482	HAS_WEAKNESS	CWE-1274
CVE-2022-2483	AFFECTS_PRODUCT	PROD-NOKIA-ASIK-AIRSCALE-474021A.101-FIRMWARE
CVE-2022-2483	AFFECTS_PRODUCT	PROD-NOKIA-ASIK-AIRSCALE-474021A.102
CVE-2022-2483	AFFECTS_PRODUCT	PROD-NOKIA-ASIK-AIRSCALE-474021A.102-FIRMWARE
CVE-2022-2483	HAS_WEAKNESS	CWE-1282
CVE-2022-2484	AFFECTS_PRODUCT	PROD-NOKIA-ASIK-AIRSCALE-474021A.101
CVE-2022-2484	AFFECTS_PRODUCT	PROD-NOKIA-ASIK-AIRSCALE-474021A.101-FIRMWARE
CVE-2022-2484	HAS_WEAKNESS	CWE-1274
CVE-2022-25026	AFFECTS_PRODUCT	PROD-ROCKETSOFTWARE-TRUFUSION-ENTERPRISE
CVE-2022-25026	HAS_WEAKNESS	CWE-918
CVE-2022-25027	AFFECTS_PRODUCT	PROD-ROCKETSOFTWARE-TRUFUSION-ENTERPRISE
CVE-2022-25027	HAS_WEAKNESS	CWE-287
CVE-2022-25027	HAS_WEAKNESS	CWE-640
CVE-2022-25715	AFFECTS_PRODUCT	PROD-QUALCOMM-AQT1000
CVE-2022-25715	AFFECTS_PRODUCT	PROD-QUALCOMM-AQT1000-FIRMWARE
CVE-2022-25715	AFFECTS_PRODUCT	PROD-QUALCOMM-MDM9150-FIRMWARE
CVE-2022-25715	HAS_WEAKNESS	CWE-704
CVE-2022-25716	AFFECTS_PRODUCT	PROD-QUALCOMM-SD888-5G
CVE-2022-25716	AFFECTS_PRODUCT	PROD-QUALCOMM-SD888-5G-FIRMWARE
CVE-2022-25716	AFFECTS_PRODUCT	PROD-QUALCOMM-WCD9380-FIRMWARE
CVE-2022-25716	HAS_WEAKNESS	CWE-367
CVE-2022-25717	AFFECTS_PRODUCT	PROD-QUALCOMM-APQ8096AU
CVE-2022-25717	AFFECTS_PRODUCT	PROD-QUALCOMM-APQ8096AU-FIRMWARE
CVE-2022-25717	AFFECTS_PRODUCT	PROD-QUALCOMM-AQT1000-FIRMWARE
CVE-2022-25717	HAS_WEAKNESS	CWE-415
CVE-2022-25721	AFFECTS_PRODUCT	PROD-QUALCOMM-AQT1000
CVE-2022-25721	AFFECTS_PRODUCT	PROD-QUALCOMM-AQT1000-FIRMWARE
CVE-2022-25721	AFFECTS_PRODUCT	PROD-QUALCOMM-MDM9150-FIRMWARE
CVE-2022-25721	HAS_WEAKNESS	CWE-843
CVE-2022-25746	AFFECTS_PRODUCT	PROD-QUALCOMM-AQT1000
CVE-2022-25746	AFFECTS_PRODUCT	PROD-QUALCOMM-AQT1000-FIRMWARE
CVE-2022-25746	AFFECTS_PRODUCT	PROD-QUALCOMM-AR8035-FIRMWARE
CVE-2022-25746	HAS_WEAKNESS	CWE-120
CVE-2022-25890	AFFECTS_PRODUCT	PROD-WIFEY-PROJECT-WIFEY
CVE-2022-25890	HAS_WEAKNESS	CWE-78
CVE-2022-25923	AFFECTS_PRODUCT	PROD-EXEC-LOCAL-BIN-PROJECT-EXEC-LOCAL-BIN
CVE-2022-25923	HAS_WEAKNESS	CWE-77
CVE-2022-25923	HAS_WEAKNESS	CWE-78
CVE-2022-25926	AFFECTS_PRODUCT	PROD-WINDOW-CONTROL-PROJECT-WINDOW-CONTROL
CVE-2022-25926	HAS_WEAKNESS	CWE-78
CVE-2022-25926	HAS_WEAKNESS	CWE-94
CVE-2022-26134	AFFECTS_PRODUCT	PROD-ATLASSIAN-CONFLUENCE-DATA-CENTER
CVE-2022-26134	AFFECTS_PRODUCT	PROD-ATLASSIAN-CONFLUENCE-SERVER
CVE-2022-26134	AFFECTS_PRODUCT	PROD-CONFLUENCE
CVE-2022-26134	HAS_MITIGATION	MIT-001
CVE-2022-26134	HAS_MITIGATION	MIT-003
CVE-2022-26134	HAS_WEAKNESS	CWE-917
CVE-2022-26134	HAS_WEAKNESS	CWE-94
CVE-2022-26134	USES_TECHNIQUE	T1059
CVE-2022-26134	USES_TECHNIQUE	T1190
CVE-2022-2666	AFFECTS_PRODUCT	PROD-RAZORMIST-LOAN-MANAGEMENT-SYSTEM
CVE-2022-2666	HAS_WEAKNESS	CWE-89
CVE-2022-2742	AFFECTS_PRODUCT	PROD-GOOGLE-CHROME
CVE-2022-2742	AFFECTS_PRODUCT	PROD-GOOGLE-CHROME-OS
CVE-2022-2742	AFFECTS_PRODUCT	PROD-GOOGLE-LINUX-AND-CHROME-OS
CVE-2022-2742	HAS_WEAKNESS	CWE-362
CVE-2022-2742	HAS_WEAKNESS	CWE-416
CVE-2022-2743	AFFECTS_PRODUCT	PROD-GOOGLE-CHROME
CVE-2022-2743	AFFECTS_PRODUCT	PROD-GOOGLE-CHROME-OS
CVE-2022-2743	AFFECTS_PRODUCT	PROD-GOOGLE-LINUX-AND-CHROME-OS
CVE-2022-2743	HAS_WEAKNESS	CWE-190
CVE-2022-2967	AFFECTS_PRODUCT	PROD-PROSYSOPC-UA-MODBUS-SERVER
CVE-2022-2967	AFFECTS_PRODUCT	PROD-PROSYSOPC-UA-SIMULATION-SERVER
CVE-2022-2967	HAS_WEAKNESS	CWE-522
CVE-2022-30190	AFFECTS_PRODUCT	PROD-MICROSOFT-WINDOWS-10-1507
CVE-2022-30190	AFFECTS_PRODUCT	PROD-MICROSOFT-WINDOWS-10-1607
CVE-2022-30190	AFFECTS_PRODUCT	PROD-MICROSOFT-WINDOWS-10-1809
CVE-2022-3143	AFFECTS_PRODUCT	PROD-REDHAT-JBOSS-ENTERPRISE-APPLICATION-PLATFORM
CVE-2022-3143	AFFECTS_PRODUCT	PROD-REDHAT-WILDFLY-ELYTRON
CVE-2022-3143	HAS_WEAKNESS	CWE-203
CVE-2022-3159	AFFECTS_PRODUCT	PROD-SIEMENS-JT2GO
CVE-2022-3159	AFFECTS_PRODUCT	PROD-SIEMENS-TEAMCENTER-VISUALIZATION
CVE-2022-3159	HAS_WEAKNESS	CWE-121
CVE-2022-3159	HAS_WEAKNESS	CWE-787
CVE-2022-3160	AFFECTS_PRODUCT	PROD-SIEMENS-JT2GO
CVE-2022-3160	AFFECTS_PRODUCT	PROD-SIEMENS-TEAMCENTER-VISUALIZATION
CVE-2022-3160	HAS_WEAKNESS	CWE-122
CVE-2022-3160	HAS_WEAKNESS	CWE-787
CVE-2022-3161	AFFECTS_PRODUCT	PROD-SIEMENS-JT2GO
CVE-2022-3161	AFFECTS_PRODUCT	PROD-SIEMENS-TEAMCENTER-VISUALIZATION
CVE-2022-3161	HAS_WEAKNESS	CWE-119
CVE-2022-3161	HAS_WEAKNESS	CWE-787
CVE-2022-3241	AFFECTS_PRODUCT	PROD-RAHAMSOLUTIONS-BUILD-APP-ONLINE
CVE-2022-32635	AFFECTS_PRODUCT	PROD-GOOGLE-ANDROID
CVE-2022-32635	AFFECTS_PRODUCT	PROD-MEDIATEK-MT6580
CVE-2022-32635	AFFECTS_PRODUCT	PROD-MEDIATEK-MT6735
CVE-2022-32635	HAS_WEAKNESS	CWE-787
CVE-2022-32664	AFFECTS_PRODUCT	PROD-MEDIATEK-EN7516
CVE-2022-32664	AFFECTS_PRODUCT	PROD-MEDIATEK-EN7528
CVE-2022-32664	AFFECTS_PRODUCT	PROD-MEDIATEK-LINKIT-SOFTWARE-DEVELOPMENT-KIT
CVE-2022-32664	HAS_WEAKNESS	CWE-77
CVE-2022-32665	AFFECTS_PRODUCT	PROD-MEDIATEK-EN7528
CVE-2022-32665	AFFECTS_PRODUCT	PROD-MEDIATEK-EN7580
CVE-2022-32665	AFFECTS_PRODUCT	PROD-MEDIATEK-LINKIT-SOFTWARE-DEVELOPMENT-KIT
CVE-2022-32665	HAS_WEAKNESS	CWE-77
CVE-2022-33218	AFFECTS_PRODUCT	PROD-QUALCOMM-APQ8064AU
CVE-2022-33218	AFFECTS_PRODUCT	PROD-QUALCOMM-APQ8064AU-FIRMWARE
CVE-2022-33218	AFFECTS_PRODUCT	PROD-QUALCOMM-APQ8096AU-FIRMWARE
CVE-2022-33218	HAS_WEAKNESS	CWE-787
CVE-2022-33219	AFFECTS_PRODUCT	PROD-QUALCOMM-APQ8064AU
CVE-2022-33219	AFFECTS_PRODUCT	PROD-QUALCOMM-APQ8064AU-FIRMWARE
CVE-2022-33219	AFFECTS_PRODUCT	PROD-QUALCOMM-APQ8096AU-FIRMWARE
CVE-2022-33219	HAS_WEAKNESS	CWE-190
CVE-2022-33265	AFFECTS_PRODUCT	PROD-QUALCOMM-QCA7500
CVE-2022-33265	AFFECTS_PRODUCT	PROD-QUALCOMM-QCA7500-FIRMWARE
CVE-2022-33265	AFFECTS_PRODUCT	PROD-QUALCOMM-QCA7520-FIRMWARE
CVE-2022-33265	HAS_WEAKNESS	CWE-787
CVE-2022-33266	AFFECTS_PRODUCT	PROD-QUALCOMM-APQ8009
CVE-2022-33266	AFFECTS_PRODUCT	PROD-QUALCOMM-APQ8009-FIRMWARE
CVE-2022-33266	AFFECTS_PRODUCT	PROD-QUALCOMM-APQ8009W-FIRMWARE
CVE-2022-33266	HAS_WEAKNESS	CWE-190
CVE-2022-33274	AFFECTS_PRODUCT	PROD-QUALCOMM-QAM8295P
CVE-2022-33274	AFFECTS_PRODUCT	PROD-QUALCOMM-QAM8295P-FIRMWARE
CVE-2022-33274	AFFECTS_PRODUCT	PROD-QUALCOMM-QCA6574AU-FIRMWARE
CVE-2022-33274	HAS_WEAKNESS	CWE-129
CVE-2022-33276	AFFECTS_PRODUCT	PROD-QUALCOMM-AR8035
CVE-2022-33276	AFFECTS_PRODUCT	PROD-QUALCOMM-AR8035-FIRMWARE
CVE-2022-33276	AFFECTS_PRODUCT	PROD-QUALCOMM-AR9380-FIRMWARE
CVE-2022-33276	HAS_WEAKNESS	CWE-120
CVE-2022-33290	AFFECTS_PRODUCT	PROD-QUALCOMM-APQ8017
CVE-2022-33290	AFFECTS_PRODUCT	PROD-QUALCOMM-APQ8017-FIRMWARE
CVE-2022-33290	AFFECTS_PRODUCT	PROD-QUALCOMM-APQ8096AU-FIRMWARE
CVE-2022-33290	HAS_WEAKNESS	CWE-476
CVE-2022-33299	AFFECTS_PRODUCT	PROD-QUALCOMM-APQ8017
CVE-2022-33299	AFFECTS_PRODUCT	PROD-QUALCOMM-APQ8017-FIRMWARE
CVE-2022-33299	AFFECTS_PRODUCT	PROD-QUALCOMM-APQ8096AU-FIRMWARE
CVE-2022-33299	HAS_WEAKNESS	CWE-476
CVE-2022-33300	AFFECTS_PRODUCT	PROD-QUALCOMM-QAM8295P
CVE-2022-33300	AFFECTS_PRODUCT	PROD-QUALCOMM-QAM8295P-FIRMWARE
CVE-2022-33300	AFFECTS_PRODUCT	PROD-QUALCOMM-QCA6174A-FIRMWARE
CVE-2022-33300	HAS_WEAKNESS	CWE-20
CVE-2022-33300	HAS_WEAKNESS	CWE-787
CVE-2022-3416	AFFECTS_PRODUCT	PROD-BRAVENEWCODE-WPTOUCH
CVE-2022-3417	AFFECTS_PRODUCT	PROD-BRAVENEWCODE-WPTOUCH
CVE-2022-34322	AFFECTS_PRODUCT	PROD-SAGE-SAGE-ENTERPRISE-INTELLIGENCE
CVE-2022-34322	HAS_WEAKNESS	CWE-79
CVE-2022-34324	AFFECTS_PRODUCT	PROD-SAGE-SAGE-XRT-BUSINESS-EXCHANGE
CVE-2022-34324	HAS_WEAKNESS	CWE-89
CVE-2022-34440	AFFECTS_PRODUCT	PROD-DELL-POLICY-MANAGER-FOR-SECURE-CONNECT-GATEWAY
CVE-2022-34440	HAS_WEAKNESS	CWE-321
CVE-2022-34440	HAS_WEAKNESS	CWE-798
CVE-2022-34441	AFFECTS_PRODUCT	PROD-DELL-POLICY-MANAGER-FOR-SECURE-CONNECT-GATEWAY
CVE-2022-34441	HAS_WEAKNESS	CWE-321
CVE-2022-34441	HAS_WEAKNESS	CWE-798
CVE-2022-3460	AFFECTS_PRODUCT	PROD-OCTOPUS-OCTOPUS-SERVER
CVE-2022-3460	HAS_WEAKNESS	CWE-200
CVE-2022-3460	HAS_WEAKNESS	CWE-212
CVE-2022-35281	AFFECTS_PRODUCT	PROD-IBM-MAXIMO-APPLICATION-SUITE
CVE-2022-35281	AFFECTS_PRODUCT	PROD-IBM-MAXIMO-ASSET-MANAGEMENT
CVE-2022-35281	HAS_WEAKNESS	CWE-1236
CVE-2022-35401	AFFECTS_PRODUCT	PROD-ASUS-RT-AX82U
CVE-2022-35401	AFFECTS_PRODUCT	PROD-ASUS-RT-AX82U-FIRMWARE
CVE-2022-35401	HAS_WEAKNESS	CWE-287
CVE-2022-35401	HAS_WEAKNESS	CWE-324
CVE-2022-35845	AFFECTS_PRODUCT	PROD-FORTINET-FORTITESTER
CVE-2022-35845	HAS_WEAKNESS	CWE-78
CVE-2022-3613	AFFECTS_PRODUCT	PROD-GITLAB-GITLAB
CVE-2022-3613	HAS_WEAKNESS	CWE-400
CVE-2022-36441	AFFECTS_PRODUCT	PROD-ZEBRA-ENTERPRISE-HOME-SCREEN
CVE-2022-36441	HAS_WEAKNESS	CWE-284
CVE-2022-36443	AFFECTS_PRODUCT	PROD-ZEBRA-ENTERPRISE-HOME-SCREEN
CVE-2022-36443	HAS_WEAKNESS	CWE-284
CVE-2022-3679	AFFECTS_PRODUCT	PROD-KADENCEWP-STARTER-TEMPLATES
CVE-2022-36925	AFFECTS_PRODUCT	PROD-ZOOM-ROOMS
CVE-2022-36925	HAS_WEAKNESS	CWE-321
CVE-2022-36925	HAS_WEAKNESS	CWE-798
CVE-2022-36926	AFFECTS_PRODUCT	PROD-ZOOM-ROOMS
CVE-2022-36926	HAS_WEAKNESS	CWE-78
CVE-2022-36927	AFFECTS_PRODUCT	PROD-ZOOM-ROOMS
CVE-2022-36927	HAS_WEAKNESS	CWE-367
CVE-2022-36928	AFFECTS_PRODUCT	PROD-ZOOM-ZOOM
CVE-2022-36928	HAS_WEAKNESS	CWE-22
CVE-2022-36928	HAS_WEAKNESS	CWE-35
CVE-2022-36929	AFFECTS_PRODUCT	PROD-ZOOM-ROOMS
CVE-2022-36929	HAS_WEAKNESS	CWE-367
CVE-2022-36930	AFFECTS_PRODUCT	PROD-ZOOM-ROOMS
CVE-2022-36930	HAS_WEAKNESS	CWE-427
CVE-2022-36943	AFFECTS_PRODUCT	PROD-ZIPARCHIVE-PROJECT-ZIPARCHIVE
CVE-2022-36943	HAS_WEAKNESS	CWE-22
CVE-2022-36943	HAS_WEAKNESS	CWE-59
CVE-2022-3715	AFFECTS_PRODUCT	PROD-GNU-BASH
CVE-2022-3715	AFFECTS_PRODUCT	PROD-REDHAT-ENTERPRISE-LINUX
CVE-2022-3715	HAS_WEAKNESS	CWE-119
CVE-2022-3715	HAS_WEAKNESS	CWE-787
CVE-2022-37785	AFFECTS_PRODUCT	PROD-WECUBE-PLATFORM-PROJECT-WECUBE-PLATFORM
CVE-2022-37785	HAS_WEAKNESS	CWE-312
CVE-2022-37933	AFFECTS_PRODUCT	PROD-HPE-SUPERDOME-FLEX-280
CVE-2022-37933	AFFECTS_PRODUCT	PROD-HPE-SUPERDOME-FLEX-280-FIRMWARE
CVE-2022-37933	AFFECTS_PRODUCT	PROD-HPE-SUPERDOME-FLEX-FIRMWARE
CVE-2022-37933	HAS_WEAKNESS	CWE-74
CVE-2022-37934	AFFECTS_PRODUCT	PROD-HP-OFFICECONNECT-1820-24G-POE\+-\(185W\)-SWITCH-J9983A
CVE-2022-37934	AFFECTS_PRODUCT	PROD-HP-OFFICECONNECT-1820-24G-POE\+-\(185W\)-SWITCH-J9983A-FIRMWARE
CVE-2022-37934	AFFECTS_PRODUCT	PROD-HP-OFFICECONNECT-1820-48G-POE\+-\(370W\)-SWITCH-J9984A-FIRMWARE
CVE-2022-37934	HAS_WEAKNESS	CWE-22
CVE-2022-38105	AFFECTS_PRODUCT	PROD-ASUS-RT-AX82U
CVE-2022-38105	AFFECTS_PRODUCT	PROD-ASUS-RT-AX82U-FIRMWARE
CVE-2022-38105	HAS_WEAKNESS	CWE-119
CVE-2022-38393	AFFECTS_PRODUCT	PROD-ASUS-RT-AX82U
CVE-2022-38393	AFFECTS_PRODUCT	PROD-ASUS-RT-AX82U-FIRMWARE
CVE-2022-38393	HAS_WEAKNESS	CWE-125
CVE-2022-3841	AFFECTS_PRODUCT	PROD-REDHAT-ADVANCED-CLUSTER-MANAGEMENT-FOR-KUBERNETES
CVE-2022-3841	HAS_WEAKNESS	CWE-918
CVE-2022-3842	AFFECTS_PRODUCT	PROD-GOOGLE-CHROME
CVE-2022-3842	HAS_WEAKNESS	CWE-416
CVE-2022-38490	AFFECTS_PRODUCT	PROD-EASYVISTA-SERVICE-MANAGER
CVE-2022-38490	HAS_WEAKNESS	CWE-89
CVE-2022-38491	AFFECTS_PRODUCT	PROD-EASYVISTA-SERVICE-MANAGER
CVE-2022-38491	HAS_WEAKNESS	CWE-307
CVE-2022-38492	AFFECTS_PRODUCT	PROD-EASYVISTA-SERVICE-MANAGER
CVE-2022-38492	HAS_WEAKNESS	CWE-89
CVE-2022-3860	AFFECTS_PRODUCT	PROD-SMACKCODERS-VISUAL-EMAIL-DESIGNER-FOR-WOOCOMMERCE
CVE-2022-38627	AFFECTS_PRODUCT	PROD-NICEFORYOU-LINEAR-EMERGE-E3-ACCESS-CONTROL
CVE-2022-38627	AFFECTS_PRODUCT	PROD-NICEFORYOU-LINEAR-EMERGE-E3-ACCESS-CONTROL-FIRMWARE
CVE-2022-38627	HAS_WEAKNESS	CWE-89
CVE-2022-38723	AFFECTS_PRODUCT	PROD-GRAVITEE-API-MANAGEMENT
CVE-2022-38723	HAS_WEAKNESS	CWE-22
CVE-2022-38723	HAS_WEAKNESS	CWE-79
CVE-2022-38766	AFFECTS_PRODUCT	PROD-RENAULT-ZOE-E-TECH
CVE-2022-38766	AFFECTS_PRODUCT	PROD-RENAULT-ZOE-E-TECH-FIRMWARE
CVE-2022-38766	HAS_WEAKNESS	CWE-294
CVE-2022-39073	AFFECTS_PRODUCT	PROD-ZTE-MF286R
CVE-2022-39073	AFFECTS_PRODUCT	PROD-ZTE-MF286R-FIRMWARE
CVE-2022-39073	HAS_WEAKNESS	CWE-77
CVE-2022-3911	AFFECTS_PRODUCT	PROD-IUBENDA-IUBENDA-COOKIE-LAW-SOLUTION
CVE-2022-3911	HAS_WEAKNESS	CWE-352
CVE-2022-3911	HAS_WEAKNESS	CWE-862
CVE-2022-39182	AFFECTS_PRODUCT	PROD-MINGHAM-SMITH-TARDIS-2000
CVE-2022-39182	HAS_WEAKNESS	CWE-269
CVE-2022-3927	AFFECTS_PRODUCT	PROD-HITACHIENERGY-FOXMAN-UN
CVE-2022-3927	AFFECTS_PRODUCT	PROD-HITACHIENERGY-UNEM
CVE-2022-3927	HAS_WEAKNESS	CWE-798
CVE-2022-3929	AFFECTS_PRODUCT	PROD-HITACHIENERGY-FOXMAN-UN
CVE-2022-3929	AFFECTS_PRODUCT	PROD-HITACHIENERGY-UNEM
CVE-2022-3929	HAS_WEAKNESS	CWE-319
CVE-2022-3977	AFFECTS_PRODUCT	PROD-LINUX-LINUX-KERNEL
CVE-2022-3977	HAS_WEAKNESS	CWE-416
CVE-2022-39947	AFFECTS_PRODUCT	PROD-FORTINET-FORTIADC
CVE-2022-39947	HAS_WEAKNESS	CWE-78
CVE-2022-40049	AFFECTS_PRODUCT	PROD-THEME-PARK-TICKETING-SYSTEM-PROJECT-THEME-PARK-TICKETING-SYSTEM
CVE-2022-40049	HAS_WEAKNESS	CWE-89
CVE-2022-40201	AFFECTS_PRODUCT	PROD-BENTLEY-MICROSTATION-CONNECT
CVE-2022-40201	HAS_WEAKNESS	CWE-121
CVE-2022-4037	AFFECTS_PRODUCT	PROD-GITLAB-GITLAB
CVE-2022-4037	HAS_WEAKNESS	CWE-362
CVE-2022-4043	AFFECTS_PRODUCT	PROD-WP-CUSTOM-ADMIN-INTERFACE-PROJECT-WP-CUSTOM-ADMIN-INTERFACE
CVE-2022-4049	AFFECTS_PRODUCT	PROD-WP-USER-PROJECT-WP-USER
CVE-2022-40516	AFFECTS_PRODUCT	PROD-QUALCOMM-AQT1000
CVE-2022-40516	AFFECTS_PRODUCT	PROD-QUALCOMM-AQT1000-FIRMWARE
CVE-2022-40516	AFFECTS_PRODUCT	PROD-QUALCOMM-AR8031-FIRMWARE
CVE-2022-40516	HAS_WEAKNESS	CWE-121
CVE-2022-40516	HAS_WEAKNESS	CWE-787
CVE-2022-40517	AFFECTS_PRODUCT	PROD-QUALCOMM-AQT1000
CVE-2022-40517	AFFECTS_PRODUCT	PROD-QUALCOMM-AQT1000-FIRMWARE
CVE-2022-40517	AFFECTS_PRODUCT	PROD-QUALCOMM-AR8031-FIRMWARE
CVE-2022-40517	HAS_WEAKNESS	CWE-121
CVE-2022-40517	HAS_WEAKNESS	CWE-787
CVE-2022-40520	AFFECTS_PRODUCT	PROD-QUALCOMM-APQ8064AU
CVE-2022-40520	AFFECTS_PRODUCT	PROD-QUALCOMM-APQ8064AU-FIRMWARE
CVE-2022-40520	AFFECTS_PRODUCT	PROD-QUALCOMM-APQ8096AU-FIRMWARE
CVE-2022-40520	HAS_WEAKNESS	CWE-787
CVE-2022-4059	AFFECTS_PRODUCT	PROD-BLOCKSERA-CRYPTOCURRENCY-WIDGETS-PACK
CVE-2022-4059	HAS_WEAKNESS	CWE-89
CVE-2022-40615	AFFECTS_PRODUCT	PROD-IBM-STERLING-PARTNER-ENGAGEMENT-MANAGER
CVE-2022-40615	AFFECTS_PRODUCT	PROD-LINUX-LINUX-KERNEL
CVE-2022-40615	HAS_WEAKNESS	CWE-89
CVE-2022-40684	AFFECTS_PRODUCT	PROD-FORTINET-FORTIOS
CVE-2022-40684	AFFECTS_PRODUCT	PROD-FORTINET-FORTIPROXY
CVE-2022-40684	AFFECTS_PRODUCT	PROD-FORTINET-FORTISWITCHMANAGER
CVE-2022-40684	HAS_WEAKNESS	CWE-287
CVE-2022-40983	AFFECTS_PRODUCT	PROD-QT-QT
CVE-2022-40983	HAS_WEAKNESS	CWE-190
CVE-2022-4099	AFFECTS_PRODUCT	PROD-GETCLOUDSMS-JOY-OF-TEXT-LITE
CVE-2022-4140	AFFECTS_PRODUCT	PROD-WELCART-WELCART-E-COMMERCE
CVE-2022-41613	AFFECTS_PRODUCT	PROD-BENTLEY-MICROSTATION-CONNECT
CVE-2022-41613	HAS_WEAKNESS	CWE-125
CVE-2022-41645	AFFECTS_PRODUCT	PROD-FUJIELECTRIC-V-SERVER
CVE-2022-41645	HAS_WEAKNESS	CWE-125
CVE-2022-4167	AFFECTS_PRODUCT	PROD-GITLAB-GITLAB
CVE-2022-4167	HAS_WEAKNESS	CWE-863
CVE-2022-41778	AFFECTS_PRODUCT	PROD-DELTAWW-INFRASUITE-DEVICE-MASTER
CVE-2022-41778	HAS_WEAKNESS	CWE-502
CVE-2022-42268	AFFECTS_PRODUCT	PROD-NVIDIA-NVIDIA-ISAAC-SIM
CVE-2022-42268	AFFECTS_PRODUCT	PROD-NVIDIA-OMNIVERSE-AUDIO2FACE
CVE-2022-42268	AFFECTS_PRODUCT	PROD-NVIDIA-OMNIVERSE-CODE
CVE-2022-42268	HAS_WEAKNESS	CWE-74
CVE-2022-42268	HAS_WEAKNESS	CWE-94
CVE-2022-42271	AFFECTS_PRODUCT	PROD-NVIDIA-DGX-A100
CVE-2022-42271	AFFECTS_PRODUCT	PROD-NVIDIA-DGX-A100-FIRMWARE
CVE-2022-42271	HAS_WEAKNESS	CWE-120
CVE-2022-42272	AFFECTS_PRODUCT	PROD-NVIDIA-DGX-A100
CVE-2022-42272	AFFECTS_PRODUCT	PROD-NVIDIA-DGX-A100-FIRMWARE
CVE-2022-42272	HAS_WEAKNESS	CWE-120
CVE-2022-42273	AFFECTS_PRODUCT	PROD-NVIDIA-DGX-A100
CVE-2022-42273	AFFECTS_PRODUCT	PROD-NVIDIA-DGX-A100-FIRMWARE
CVE-2022-42273	HAS_WEAKNESS	CWE-120
CVE-2022-42274	AFFECTS_PRODUCT	PROD-NVIDIA-BMC
CVE-2022-42274	AFFECTS_PRODUCT	PROD-NVIDIA-DGX-A100
CVE-2022-42274	HAS_WEAKNESS	CWE-120
CVE-2022-42275	AFFECTS_PRODUCT	PROD-NVIDIA-BMC
CVE-2022-42275	AFFECTS_PRODUCT	PROD-NVIDIA-DGX-A100
CVE-2022-42275	HAS_WEAKNESS	CWE-288
CVE-2022-42275	HAS_WEAKNESS	CWE-306
CVE-2022-42276	AFFECTS_PRODUCT	PROD-NVIDIA-DGX-A100
CVE-2022-42276	AFFECTS_PRODUCT	PROD-NVIDIA-DGX-A100-FIRMWARE
CVE-2022-42276	HAS_WEAKNESS	CWE-288
CVE-2022-42276	HAS_WEAKNESS	CWE-306
CVE-2022-42277	AFFECTS_PRODUCT	PROD-NVIDIA-DGX-STATION-A100
CVE-2022-42277	AFFECTS_PRODUCT	PROD-NVIDIA-DGX-STATION-A100-FIRMWARE
CVE-2022-42277	HAS_WEAKNESS	CWE-288
CVE-2022-42277	HAS_WEAKNESS	CWE-306
CVE-2022-42278	AFFECTS_PRODUCT	PROD-NVIDIA-BMC
CVE-2022-42278	AFFECTS_PRODUCT	PROD-NVIDIA-DGX-A100
CVE-2022-42278	HAS_WEAKNESS	CWE-119
CVE-2022-42279	AFFECTS_PRODUCT	PROD-NVIDIA-DGX-A100
CVE-2022-42279	AFFECTS_PRODUCT	PROD-NVIDIA-DGX-A100-FIRMWARE
CVE-2022-42279	HAS_WEAKNESS	CWE-78
CVE-2022-42280	AFFECTS_PRODUCT	PROD-NVIDIA-BMC
CVE-2022-42280	AFFECTS_PRODUCT	PROD-NVIDIA-DGX-A100
CVE-2022-42280	HAS_WEAKNESS	CWE-22
CVE-2022-42283	AFFECTS_PRODUCT	PROD-NVIDIA-BMC
CVE-2022-42283	AFFECTS_PRODUCT	PROD-NVIDIA-DGX-A100
CVE-2022-42283	HAS_WEAKNESS	CWE-120
CVE-2022-42285	AFFECTS_PRODUCT	PROD-NVIDIA-DGX-A100
CVE-2022-42285	AFFECTS_PRODUCT	PROD-NVIDIA-SBIOS
CVE-2022-42285	HAS_WEAKNESS	CWE-1231
CVE-2022-42286	AFFECTS_PRODUCT	PROD-NVIDIA-DGX-A100
CVE-2022-42286	AFFECTS_PRODUCT	PROD-NVIDIA-SBIOS
CVE-2022-42286	HAS_WEAKNESS	CWE-119
CVE-2022-42287	AFFECTS_PRODUCT	PROD-NVIDIA-BMC
CVE-2022-42287	AFFECTS_PRODUCT	PROD-NVIDIA-DGX-A100
CVE-2022-42287	HAS_WEAKNESS	CWE-22
CVE-2022-42287	HAS_WEAKNESS	CWE-434
CVE-2022-42289	AFFECTS_PRODUCT	PROD-NVIDIA-DGX-A100
CVE-2022-42289	AFFECTS_PRODUCT	PROD-NVIDIA-DGX-A100-FIRMWARE
CVE-2022-42289	HAS_WEAKNESS	CWE-78
CVE-2022-42290	AFFECTS_PRODUCT	PROD-NVIDIA-DGX-A100
CVE-2022-42290	AFFECTS_PRODUCT	PROD-NVIDIA-DGX-A100-FIRMWARE
CVE-2022-42290	HAS_WEAKNESS	CWE-78
CVE-2022-4237	AFFECTS_PRODUCT	PROD-WELCART-WELCART-E-COMMERCE
CVE-2022-42435	AFFECTS_PRODUCT	PROD-IBM-BUSINESS-AUTOMATION-WORKFLOW
CVE-2022-42435	HAS_WEAKNESS	CWE-352
CVE-2022-42475	AFFECTS_PRODUCT	PROD-FORTINET-FIM-7901E
CVE-2022-42475	AFFECTS_PRODUCT	PROD-FORTINET-FORTIOS
CVE-2022-42475	AFFECTS_PRODUCT	PROD-FORTINET-FORTIPROXY
CVE-2022-42475	HAS_WEAKNESS	CWE-197
CVE-2022-42475	HAS_WEAKNESS	CWE-787
CVE-2022-4294	AFFECTS_PRODUCT	PROD-AVAST-ANTIVIRUS
CVE-2022-4294	AFFECTS_PRODUCT	PROD-AVIRA-AVIRA-SECURITY
CVE-2022-4294	AFFECTS_PRODUCT	PROD-NORTON-POWER-ERASER
CVE-2022-4294	HAS_WEAKNESS	CWE-269
CVE-2022-42967	AFFECTS_PRODUCT	PROD-CARET-CARET
CVE-2022-42967	HAS_WEAKNESS	CWE-79
CVE-2022-4297	AFFECTS_PRODUCT	PROD-NETFLIXTECH-WP-AUTOCOMPLETE-SEARCH
CVE-2022-42979	AFFECTS_PRODUCT	PROD-RYDESHARING-RYDE
CVE-2022-42979	HAS_WEAKNESS	CWE-200
CVE-2022-42979	HAS_WEAKNESS	CWE-295
CVE-2022-4298	AFFECTS_PRODUCT	PROD-CEDCOMMERCE-WHOLESALE-MARKET
CVE-2022-4302	AFFECTS_PRODUCT	PROD-VIDEOUSERMANUALS-WHITE-LABEL-CMS
CVE-2022-4324	AFFECTS_PRODUCT	PROD-WPGOGO-CUSTOM-FIELD-TEMPLATE
CVE-2022-4337	AFFECTS_PRODUCT	PROD-DEBIAN-DEBIAN-LINUX
CVE-2022-4337	AFFECTS_PRODUCT	PROD-OPENVSWITCH-OPENVSWITCH
CVE-2022-4337	HAS_WEAKNESS	CWE-125
CVE-2022-4338	AFFECTS_PRODUCT	PROD-DEBIAN-DEBIAN-LINUX
CVE-2022-4338	AFFECTS_PRODUCT	PROD-OPENVSWITCH-OPENVSWITCH
CVE-2022-4338	HAS_WEAKNESS	CWE-125
CVE-2022-4338	HAS_WEAKNESS	CWE-191
CVE-2022-43389	AFFECTS_PRODUCT	PROD-ZYXEL-LTE3202-M437
CVE-2022-43389	AFFECTS_PRODUCT	PROD-ZYXEL-LTE3202-M437-FIRMWARE
CVE-2022-43389	AFFECTS_PRODUCT	PROD-ZYXEL-LTE3316-M604-FIRMWARE
CVE-2022-43389	HAS_WEAKNESS	CWE-120
CVE-2022-43390	AFFECTS_PRODUCT	PROD-ZYXEL-LTE7480-M804
CVE-2022-43390	AFFECTS_PRODUCT	PROD-ZYXEL-LTE7480-M804-FIRMWARE
CVE-2022-43390	AFFECTS_PRODUCT	PROD-ZYXEL-LTE7490-M904-FIRMWARE
CVE-2022-43390	HAS_WEAKNESS	CWE-78
CVE-2022-43393	AFFECTS_PRODUCT	PROD-ZYXEL-GS1350-12HP-FIRMWARE
CVE-2022-43393	AFFECTS_PRODUCT	PROD-ZYXEL-GS1350-6HP
CVE-2022-43393	AFFECTS_PRODUCT	PROD-ZYXEL-GS1350-6HP-FIRMWARE
CVE-2022-43393	HAS_WEAKNESS	CWE-754
CVE-2022-43448	AFFECTS_PRODUCT	PROD-FUJIELECTRIC-TELLUS
CVE-2022-43448	AFFECTS_PRODUCT	PROD-FUJIELECTRIC-V-SFT
CVE-2022-43448	HAS_WEAKNESS	CWE-787
CVE-2022-4351	AFFECTS_PRODUCT	PROD-QE-SEO-HANDYMAN-PROJECT-QE-SEO-HANDYMAN
CVE-2022-43513	AFFECTS_PRODUCT	PROD-SIEMENS-AUTOMATION-LICENSE-MANAGER
CVE-2022-43513	HAS_WEAKNESS	CWE-610
CVE-2022-43513	HAS_WEAKNESS	CWE-73
CVE-2022-43514	AFFECTS_PRODUCT	PROD-SIEMENS-AUTOMATION-LICENSE-MANAGER
CVE-2022-43514	HAS_WEAKNESS	CWE-22
CVE-2022-43519	AFFECTS_PRODUCT	PROD-ARUBANETWORKS-ARUBA-EDGECONNECT-ENTERPRISE-ORCHESTRATOR
CVE-2022-43519	HAS_WEAKNESS	CWE-89
CVE-2022-4352	AFFECTS_PRODUCT	PROD-QE-SEO-HANDYMAN-PROJECT-QE-SEO-HANDYMAN
CVE-2022-43520	AFFECTS_PRODUCT	PROD-ARUBANETWORKS-ARUBA-EDGECONNECT-ENTERPRISE-ORCHESTRATOR
CVE-2022-43520	HAS_WEAKNESS	CWE-89
CVE-2022-43521	AFFECTS_PRODUCT	PROD-ARUBANETWORKS-ARUBA-EDGECONNECT-ENTERPRISE-ORCHESTRATOR
CVE-2022-43521	HAS_WEAKNESS	CWE-89
CVE-2022-43522	AFFECTS_PRODUCT	PROD-ARUBANETWORKS-ARUBA-EDGECONNECT-ENTERPRISE-ORCHESTRATOR
CVE-2022-43522	HAS_WEAKNESS	CWE-89
CVE-2022-43523	AFFECTS_PRODUCT	PROD-ARUBANETWORKS-ARUBA-EDGECONNECT-ENTERPRISE-ORCHESTRATOR
CVE-2022-43523	HAS_WEAKNESS	CWE-89
CVE-2022-43530	AFFECTS_PRODUCT	PROD-ARUBANETWORKS-CLEARPASS-POLICY-MANAGER
CVE-2022-43530	HAS_WEAKNESS	CWE-89
CVE-2022-43531	AFFECTS_PRODUCT	PROD-ARUBANETWORKS-CLEARPASS-POLICY-MANAGER
CVE-2022-43531	HAS_WEAKNESS	CWE-89
CVE-2022-43533	AFFECTS_PRODUCT	PROD-APPLE-MACOS
CVE-2022-43533	AFFECTS_PRODUCT	PROD-ARUBANETWORKS-CLEARPASS-POLICY-MANAGER
CVE-2022-43533	HAS_WEAKNESS	CWE-269
CVE-2022-43534	AFFECTS_PRODUCT	PROD-ARUBANETWORKS-CLEARPASS-POLICY-MANAGER
CVE-2022-43534	AFFECTS_PRODUCT	PROD-LINUX-LINUX-KERNEL
CVE-2022-43534	HAS_WEAKNESS	CWE-269
CVE-2022-43535	AFFECTS_PRODUCT	PROD-ARUBANETWORKS-CLEARPASS-POLICY-MANAGER
CVE-2022-43535	AFFECTS_PRODUCT	PROD-MICROSOFT-WINDOWS
CVE-2022-43535	HAS_WEAKNESS	CWE-269
CVE-2022-43536	AFFECTS_PRODUCT	PROD-ARUBANETWORKS-CLEARPASS-POLICY-MANAGER
CVE-2022-43536	HAS_WEAKNESS	CWE-78
CVE-2022-43537	AFFECTS_PRODUCT	PROD-ARUBANETWORKS-CLEARPASS-POLICY-MANAGER
CVE-2022-43537	HAS_WEAKNESS	CWE-78
CVE-2022-43538	AFFECTS_PRODUCT	PROD-ARUBANETWORKS-CLEARPASS-POLICY-MANAGER
CVE-2022-43538	HAS_WEAKNESS	CWE-78
CVE-2022-4355	AFFECTS_PRODUCT	PROD-LETSRECOVER-PROJECT-LETSRECOVER
CVE-2022-4356	AFFECTS_PRODUCT	PROD-LETSRECOVER-PROJECT-LETSRECOVER
CVE-2022-4357	AFFECTS_PRODUCT	PROD-LETSRECOVER-PROJECT-LETSRECOVER
CVE-2022-4358	AFFECTS_PRODUCT	PROD-WP-RSS-BY-PUBLISHERS-PROJECT-WP-RSS-BY-PUBLISHERS
CVE-2022-4359	AFFECTS_PRODUCT	PROD-WP-RSS-BY-PUBLISHERS-PROJECT-WP-RSS-BY-PUBLISHERS
CVE-2022-43591	AFFECTS_PRODUCT	PROD-QT-QT
CVE-2022-43591	HAS_WEAKNESS	CWE-122
CVE-2022-4360	AFFECTS_PRODUCT	PROD-WP-RSS-BY-PUBLISHERS-PROJECT-WP-RSS-BY-PUBLISHERS
CVE-2022-4360	HAS_WEAKNESS	CWE-89
CVE-2022-43662	AFFECTS_PRODUCT	PROD-OPENATOM-OPENHARMONY
CVE-2022-43662	AFFECTS_PRODUCT	PROD-OPENHARMONY-OPENHARMONY
CVE-2022-43662	HAS_WEAKNESS	CWE-120
CVE-2022-43662	HAS_WEAKNESS	CWE-787
CVE-2022-4370	AFFECTS_PRODUCT	PROD-MULTIMEDIAL-IMAGES-PROJECT-MULTIMEDIAL-IMAGES
CVE-2022-4371	AFFECTS_PRODUCT	PROD-MOHANJITH-WEB-INVOICE
CVE-2022-4372	AFFECTS_PRODUCT	PROD-WEB-INVOICE-PROJECT-WEB-INVOICE
CVE-2022-4373	AFFECTS_PRODUCT	PROD-QUOTE-O-MATIC-PROJECT-QUOTE-O-MATIC
CVE-2022-4378	AFFECTS_PRODUCT	PROD-LINUX-LINUX-KERNEL
CVE-2022-4378	HAS_WEAKNESS	CWE-131
CVE-2022-4378	HAS_WEAKNESS	CWE-787
CVE-2022-4379	AFFECTS_PRODUCT	PROD-FEDORAPROJECT-FEDORA
CVE-2022-4379	AFFECTS_PRODUCT	PROD-LINUX-LINUX-KERNEL
CVE-2022-4379	HAS_WEAKNESS	CWE-416
CVE-2022-43844	AFFECTS_PRODUCT	PROD-IBM-ROBOTIC-PROCESS-AUTOMATION-FOR-CLOUD-PAK
CVE-2022-43844	AFFECTS_PRODUCT	PROD-REDHAT-OPENSHIFT
CVE-2022-43844	HAS_WEAKNESS	CWE-613
CVE-2022-43920	AFFECTS_PRODUCT	PROD-IBM-STERLING-B2B-INTEGRATOR
CVE-2022-43931	AFFECTS_PRODUCT	PROD-SYNOLOGY-ROUTER-MANAGER
CVE-2022-43931	AFFECTS_PRODUCT	PROD-SYNOLOGY-VPN-PLUS-SERVER
CVE-2022-43932	AFFECTS_PRODUCT	PROD-SYNOLOGY-ROUTER-MANAGER
CVE-2022-43970	AFFECTS_PRODUCT	PROD-LINKSYS-WRT54GL
CVE-2022-43970	AFFECTS_PRODUCT	PROD-LINKSYS-WRT54GL-FIRMWARE
CVE-2022-43970	HAS_WEAKNESS	CWE-120
CVE-2022-43970	HAS_WEAKNESS	CWE-787
CVE-2022-43971	AFFECTS_PRODUCT	PROD-LINKSYS-WUMC710
CVE-2022-43971	AFFECTS_PRODUCT	PROD-LINKSYS-WUMC710-FIRMWARE
CVE-2022-43971	HAS_WEAKNESS	CWE-78
CVE-2022-43972	AFFECTS_PRODUCT	PROD-LINKSYS-WRT54GL
CVE-2022-43972	AFFECTS_PRODUCT	PROD-LINKSYS-WRT54GL-FIRMWARE
CVE-2022-43972	HAS_WEAKNESS	CWE-476
CVE-2022-43973	AFFECTS_PRODUCT	PROD-LINKSYS-WRT54GL
CVE-2022-43973	AFFECTS_PRODUCT	PROD-LINKSYS-WRT54GL-FIRMWARE
CVE-2022-43973	HAS_WEAKNESS	CWE-78
CVE-2022-43974	AFFECTS_PRODUCT	PROD-MATRIXSSL-MATRIXSSL
CVE-2022-43974	HAS_WEAKNESS	CWE-190
CVE-2022-44036	AFFECTS_PRODUCT	PROD-B2EVOLUTION-B2EVOLUTION-CMS
CVE-2022-44036	HAS_WEAKNESS	CWE-434
CVE-2022-44149	AFFECTS_PRODUCT	PROD-NEXXTSOLUTIONS-AMP300
CVE-2022-44149	AFFECTS_PRODUCT	PROD-NEXXTSOLUTIONS-AMP300-FIRMWARE
CVE-2022-44149	HAS_WEAKNESS	CWE-78
CVE-2022-4428	AFFECTS_PRODUCT	PROD-CLOUDFLARE-WARP
CVE-2022-4428	HAS_WEAKNESS	CWE-20
CVE-2022-44534	AFFECTS_PRODUCT	PROD-ARUBANETWORKS-ARUBA-EDGECONNECT-ENTERPRISE-ORCHESTRATOR
CVE-2022-44535	AFFECTS_PRODUCT	PROD-ARUBANETWORKS-ARUBA-EDGECONNECT-ENTERPRISE-ORCHESTRATOR
CVE-2022-44877	AFFECTS_PRODUCT	PROD-CONTROL-WEBPANEL-WEBPANEL
CVE-2022-44877	HAS_WEAKNESS	CWE-78
CVE-2022-44939	AFFECTS_PRODUCT	PROD-ECHATSERVER-EASY-CHAT-SERVER
CVE-2022-44939	HAS_WEAKNESS	CWE-427
CVE-2022-4498	AFFECTS_PRODUCT	PROD-TP-LINK-ARCHER-C5
CVE-2022-4498	AFFECTS_PRODUCT	PROD-TP-LINK-ARCHER-C5-FIRMWARE
CVE-2022-4498	AFFECTS_PRODUCT	PROD-TP-LINK-TL-WR710N-FIRMWARE
CVE-2022-4498	HAS_WEAKNESS	CWE-787
CVE-2022-4499	AFFECTS_PRODUCT	PROD-TP-LINK-ARCHER-C5
CVE-2022-4499	AFFECTS_PRODUCT	PROD-TP-LINK-ARCHER-C5-FIRMWARE
CVE-2022-4499	AFFECTS_PRODUCT	PROD-TP-LINK-TL-WR710N-FIRMWARE
CVE-2022-4499	HAS_WEAKNESS	CWE-203
CVE-2022-45092	AFFECTS_PRODUCT	PROD-SIEMENS-SINEC-INS
CVE-2022-45092	HAS_WEAKNESS	CWE-22
CVE-2022-45093	AFFECTS_PRODUCT	PROD-SIEMENS-SINEC-INS
CVE-2022-45093	HAS_WEAKNESS	CWE-22
CVE-2022-45094	AFFECTS_PRODUCT	PROD-SIEMENS-SINEC-INS
CVE-2022-45094	HAS_WEAKNESS	CWE-77
CVE-2022-45126	AFFECTS_PRODUCT	PROD-OPENATOM-OPENHARMONY
CVE-2022-45126	AFFECTS_PRODUCT	PROD-OPENHARMONY-OPENHARMONY
CVE-2022-45126	HAS_WEAKNESS	CWE-120
CVE-2022-45126	HAS_WEAKNESS	CWE-787
CVE-2022-45143	AFFECTS_PRODUCT	PROD-APACHE-TOMCAT
CVE-2022-45143	HAS_WEAKNESS	CWE-116
CVE-2022-45165	AFFECTS_PRODUCT	PROD-ARCHIBUS-WEB-CENTRAL
CVE-2022-45165	HAS_WEAKNESS	CWE-89
CVE-2022-45857	AFFECTS_PRODUCT	PROD-FORTINET-FORTIMANAGER
CVE-2022-45857	HAS_WEAKNESS	CWE-286
CVE-2022-45867	AFFECTS_PRODUCT	PROD-MYBB-MYBB
CVE-2022-45867	HAS_WEAKNESS	CWE-22
CVE-2022-45875	AFFECTS_PRODUCT	PROD-APACHE-DOLPHINSCHEDULER
CVE-2022-45875	HAS_WEAKNESS	CWE-20
CVE-2022-45995	AFFECTS_PRODUCT	PROD-TENDA-AX12
CVE-2022-45995	AFFECTS_PRODUCT	PROD-TENDA-AX12-FIRMWARE
CVE-2022-45995	HAS_WEAKNESS	CWE-120
CVE-2022-46081	AFFECTS_PRODUCT	PROD-GARMIN-CONNECT
CVE-2022-46081	HAS_WEAKNESS	CWE-200
CVE-2022-46163	AFFECTS_PRODUCT	PROD-OPENSUSE-TRAVEL-SUPPORT-PROGRAM
CVE-2022-46163	HAS_WEAKNESS	CWE-200
CVE-2022-46163	HAS_WEAKNESS	CWE-89
CVE-2022-46177	AFFECTS_PRODUCT	PROD-DISCOURSE-DISCOURSE
CVE-2022-46177	HAS_WEAKNESS	CWE-613
CVE-2022-46306	AFFECTS_PRODUCT	PROD-CHANGINGTEC-SERVISIGN
CVE-2022-46306	HAS_WEAKNESS	CWE-22
CVE-2022-4636	AFFECTS_PRODUCT	PROD-BLACKBOX-ACR1000A-R-R2
CVE-2022-4636	AFFECTS_PRODUCT	PROD-BLACKBOX-ACR1000A-R-R2-FIRMWARE
CVE-2022-4636	AFFECTS_PRODUCT	PROD-BLACKBOX-ACR1000A-T-R2-FIRMWARE
CVE-2022-4636	HAS_WEAKNESS	CWE-22
CVE-2022-46360	AFFECTS_PRODUCT	PROD-FUJIELECTRIC-TELLUS
CVE-2022-46360	AFFECTS_PRODUCT	PROD-FUJIELECTRIC-V-SFT
CVE-2022-46360	HAS_WEAKNESS	CWE-125
CVE-2022-46367	AFFECTS_PRODUCT	PROD-MAXUM-RUMPUS
CVE-2022-46367	HAS_WEAKNESS	CWE-352
CVE-2022-46368	AFFECTS_PRODUCT	PROD-MAXUM-RUMPUS
CVE-2022-46368	HAS_WEAKNESS	CWE-352
CVE-2022-46370	AFFECTS_PRODUCT	PROD-MAXUM-RUMPUS
CVE-2022-46370	HAS_WEAKNESS	CWE-345
CVE-2022-46372	AFFECTS_PRODUCT	PROD-ALOTCERIOT-AR7088H-A
CVE-2022-46372	AFFECTS_PRODUCT	PROD-ALOTCERIOT-AR7088H-A-FIRMWARE
CVE-2022-46372	HAS_WEAKNESS	CWE-20
CVE-2022-46449	AFFECTS_PRODUCT	PROD-MUSICPD-MUSIC-PLAYER-DAEMON
CVE-2022-46449	HAS_WEAKNESS	CWE-787
CVE-2022-46463	AFFECTS_PRODUCT	PROD-LINUXFOUNDATION-HARBOR
CVE-2022-46463	HAS_WEAKNESS	CWE-306
CVE-2022-46472	AFFECTS_PRODUCT	PROD-HELMET-STORE-SHOWROOM-SITE-PROJECT-HELMET-STORE-SHOWROOM-SITE
CVE-2022-46472	HAS_WEAKNESS	CWE-89
CVE-2022-46610	AFFECTS_PRODUCT	PROD-72CRM-WUKONG-CRM
CVE-2022-46610	HAS_WEAKNESS	CWE-434
CVE-2022-46623	AFFECTS_PRODUCT	PROD-JUDGING-MANAGEMENT-SYSTEM-PROJECT-JUDGING-MANAGEMENT-SYSTEM
CVE-2022-46623	HAS_WEAKNESS	CWE-89
CVE-2022-46761	AFFECTS_PRODUCT	PROD-HUAWEI-EMUI
CVE-2022-46761	AFFECTS_PRODUCT	PROD-HUAWEI-HARMONYOS
CVE-2022-46761	HAS_WEAKNESS	CWE-276
CVE-2022-46762	AFFECTS_PRODUCT	PROD-HUAWEI-EMUI
CVE-2022-46762	AFFECTS_PRODUCT	PROD-HUAWEI-HARMONYOS
CVE-2022-46762	HAS_WEAKNESS	CWE-693
CVE-2022-46946	AFFECTS_PRODUCT	PROD-HELMET-STORE-SHOWROOM-SITE-PROJECT-HELMET-STORE-SHOWROOM-SITE
CVE-2022-46946	HAS_WEAKNESS	CWE-89
CVE-2022-46947	AFFECTS_PRODUCT	PROD-HELMET-STORE-SHOWROOM-SITE-PROJECT-HELMET-STORE-SHOWROOM-SITE
CVE-2022-46947	HAS_WEAKNESS	CWE-89
CVE-2022-4696	AFFECTS_PRODUCT	PROD-LINUX-LINUX-KERNEL
CVE-2022-4696	HAS_WEAKNESS	CWE-416
CVE-2022-4696	HAS_WEAKNESS	CWE-763
CVE-2022-4700	AFFECTS_PRODUCT	PROD-ROYAL-ELEMENTOR-ADDONS-ROYAL-ELEMENTOR-ADDONS
CVE-2022-4700	HAS_WEAKNESS	CWE-284
CVE-2022-4701	AFFECTS_PRODUCT	PROD-ROYAL-ELEMENTOR-ADDONS-ROYAL-ELEMENTOR-ADDONS
CVE-2022-4701	HAS_WEAKNESS	CWE-285
CVE-2022-4703	AFFECTS_PRODUCT	PROD-ROYAL-ELEMENTOR-ADDONS-ROYAL-ELEMENTOR-ADDONS
CVE-2022-4703	HAS_WEAKNESS	CWE-284
CVE-2022-4704	AFFECTS_PRODUCT	PROD-ROYAL-ELEMENTOR-ADDONS-ROYAL-ELEMENTOR-ADDONS
CVE-2022-4704	HAS_WEAKNESS	CWE-284
CVE-2022-47083	AFFECTS_PRODUCT	PROD-SPITFIRE-PROJECT-SPITFIRE
CVE-2022-47083	HAS_WEAKNESS	CWE-502
CVE-2022-47087	AFFECTS_PRODUCT	PROD-GPAC-GPAC
CVE-2022-47087	HAS_WEAKNESS	CWE-120
CVE-2022-47088	AFFECTS_PRODUCT	PROD-GPAC-GPAC
CVE-2022-47088	HAS_WEAKNESS	CWE-120
CVE-2022-47089	AFFECTS_PRODUCT	PROD-GPAC-GPAC
CVE-2022-47089	HAS_WEAKNESS	CWE-120
CVE-2022-47091	AFFECTS_PRODUCT	PROD-GPAC-GPAC
CVE-2022-47091	HAS_WEAKNESS	CWE-120
CVE-2022-47092	AFFECTS_PRODUCT	PROD-GPAC-GPAC
CVE-2022-47092	HAS_WEAKNESS	CWE-190
CVE-2022-47093	AFFECTS_PRODUCT	PROD-GPAC-GPAC
CVE-2022-47093	HAS_WEAKNESS	CWE-416
CVE-2022-47094	AFFECTS_PRODUCT	PROD-GPAC-GPAC
CVE-2022-47094	HAS_WEAKNESS	CWE-476
CVE-2022-47095	AFFECTS_PRODUCT	PROD-GPAC-GPAC
CVE-2022-47095	HAS_WEAKNESS	CWE-120
CVE-2022-47317	AFFECTS_PRODUCT	PROD-FUJIELECTRIC-V-SERVER
CVE-2022-47317	HAS_WEAKNESS	CWE-787
CVE-2022-4743	AFFECTS_PRODUCT	PROD-LIBSDL-SIMPLE-DIRECTMEDIA-LAYER
CVE-2022-4743	AFFECTS_PRODUCT	PROD-REDHAT-ENTERPRISE-LINUX
CVE-2022-4743	HAS_WEAKNESS	CWE-401
CVE-2022-47523	AFFECTS_PRODUCT	PROD-ZOHOCORP-MANAGEENGINE-ACCESS-MANAGER-PLUS
CVE-2022-47523	AFFECTS_PRODUCT	PROD-ZOHOCORP-MANAGEENGINE-PAM360
CVE-2022-47523	AFFECTS_PRODUCT	PROD-ZOHOCORP-MANAGEENGINE-PASSWORD-MANAGER-PRO
CVE-2022-47523	HAS_WEAKNESS	CWE-79
CVE-2022-47523	HAS_WEAKNESS	CWE-89
CVE-2022-47544	AFFECTS_PRODUCT	PROD-SIREN-INVESTIGATE
CVE-2022-47544	HAS_WEAKNESS	CWE-693
CVE-2022-47618	AFFECTS_PRODUCT	PROD-MERITLILIN-AH55B04-FIRMWARE
CVE-2022-47618	AFFECTS_PRODUCT	PROD-MERITLILIN-AH55B08
CVE-2022-47618	AFFECTS_PRODUCT	PROD-MERITLILIN-AH55B08-FIRMWARE
CVE-2022-47618	HAS_WEAKNESS	CWE-798
CVE-2022-47634	AFFECTS_PRODUCT	PROD-ISODE-M-LINK
CVE-2022-47634	HAS_WEAKNESS	CWE-284
CVE-2022-47653	AFFECTS_PRODUCT	PROD-GPAC-GPAC
CVE-2022-47653	HAS_WEAKNESS	CWE-120
CVE-2022-47654	AFFECTS_PRODUCT	PROD-GPAC-GPAC
CVE-2022-47654	HAS_WEAKNESS	CWE-120
CVE-2022-47655	AFFECTS_PRODUCT	PROD-DEBIAN-DEBIAN-LINUX
CVE-2022-47655	AFFECTS_PRODUCT	PROD-STRUKTUR-LIBDE265
CVE-2022-47655	HAS_WEAKNESS	CWE-787
CVE-2022-47656	AFFECTS_PRODUCT	PROD-GPAC-GPAC
CVE-2022-47656	HAS_WEAKNESS	CWE-120
CVE-2022-47657	AFFECTS_PRODUCT	PROD-GPAC-GPAC
CVE-2022-47657	HAS_WEAKNESS	CWE-120
CVE-2022-47658	AFFECTS_PRODUCT	PROD-GPAC-GPAC
CVE-2022-47658	HAS_WEAKNESS	CWE-120
CVE-2022-47659	AFFECTS_PRODUCT	PROD-GPAC-GPAC
CVE-2022-47659	HAS_WEAKNESS	CWE-787
CVE-2022-47660	AFFECTS_PRODUCT	PROD-GPAC-GPAC
CVE-2022-47660	HAS_WEAKNESS	CWE-190
CVE-2022-47661	AFFECTS_PRODUCT	PROD-GPAC-GPAC
CVE-2022-47661	HAS_WEAKNESS	CWE-787
CVE-2022-47663	AFFECTS_PRODUCT	PROD-GPAC-GPAC
CVE-2022-47663	HAS_WEAKNESS	CWE-120
CVE-2022-47790	AFFECTS_PRODUCT	PROD-DYNAMIC-TRANSACTION-QUEUING-SYSTEM-PROJECT-DYNAMIC-TRANSACTION-QUEUING-SYSTEM
CVE-2022-47790	HAS_WEAKNESS	CWE-89
CVE-2022-47859	AFFECTS_PRODUCT	PROD-LEAD-MANAGEMENT-SYSTEM-PROJECT-LEAD-MANAGEMENT-SYSTEM
CVE-2022-47859	HAS_WEAKNESS	CWE-89
CVE-2022-47860	AFFECTS_PRODUCT	PROD-LEAD-MANAGEMENT-SYSTEM-PROJECT-LEAD-MANAGEMENT-SYSTEM
CVE-2022-47860	HAS_WEAKNESS	CWE-89
CVE-2022-47861	AFFECTS_PRODUCT	PROD-LEAD-MANAGEMENT-SYSTEM-PROJECT-LEAD-MANAGEMENT-SYSTEM
CVE-2022-47861	HAS_WEAKNESS	CWE-89
CVE-2022-47862	AFFECTS_PRODUCT	PROD-LEAD-MANAGEMENT-SYSTEM-PROJECT-LEAD-MANAGEMENT-SYSTEM
CVE-2022-47862	HAS_WEAKNESS	CWE-89
CVE-2022-47864	AFFECTS_PRODUCT	PROD-LEAD-MANAGEMENT-SYSTEM-PROJECT-LEAD-MANAGEMENT-SYSTEM
CVE-2022-47864	HAS_WEAKNESS	CWE-89
CVE-2022-47865	AFFECTS_PRODUCT	PROD-LEAD-MANAGEMENT-SYSTEM-PROJECT-LEAD-MANAGEMENT-SYSTEM
CVE-2022-47865	HAS_WEAKNESS	CWE-89
CVE-2022-47866	AFFECTS_PRODUCT	PROD-LEAD-MANAGEMENT-SYSTEM-PROJECT-LEAD-MANAGEMENT-SYSTEM
CVE-2022-47866	HAS_WEAKNESS	CWE-89
CVE-2022-47908	AFFECTS_PRODUCT	PROD-FUJIELECTRIC-V-SERVER
CVE-2022-47908	HAS_WEAKNESS	CWE-787
CVE-2022-47935	AFFECTS_PRODUCT	PROD-SIEMENS-JT-OPEN-TOOLKIT
CVE-2022-47935	AFFECTS_PRODUCT	PROD-SIEMENS-JT-UTILITIES
CVE-2022-47935	AFFECTS_PRODUCT	PROD-SIEMENS-SOLID-EDGE
CVE-2022-47935	HAS_WEAKNESS	CWE-119
CVE-2022-47935	HAS_WEAKNESS	CWE-787
CVE-2022-47967	AFFECTS_PRODUCT	PROD-SIEMENS-SOLID-EDGE
CVE-2022-47967	HAS_WEAKNESS	CWE-119
CVE-2022-47967	HAS_WEAKNESS	CWE-787
CVE-2022-47975	AFFECTS_PRODUCT	PROD-HUAWEI-EMUI
CVE-2022-47975	AFFECTS_PRODUCT	PROD-HUAWEI-HARMONYOS
CVE-2022-47975	HAS_WEAKNESS	CWE-415
CVE-2022-47976	AFFECTS_PRODUCT	PROD-HUAWEI-EMUI
CVE-2022-47976	AFFECTS_PRODUCT	PROD-HUAWEI-HARMONYOS
CVE-2022-47976	HAS_WEAKNESS	CWE-287
CVE-2022-48198	AFFECTS_PRODUCT	PROD-NTPD-DRIVER-PROJECT-NTPD-DRIVER
CVE-2022-48198	AFFECTS_PRODUCT	PROD-OPENROBOTICS-ROBOT-OPERATING-SYSTEM
CVE-2022-48198	HAS_WEAKNESS	CWE-668
CVE-2022-48216	AFFECTS_PRODUCT	PROD-UNISWAP-UNIVERSAL-ROUTER
CVE-2022-48216	AFFECTS_PRODUCT	PROD-UNISWAP-UNIVERSAL-ROUTER-FIRMWARE
CVE-2022-48216	HAS_WEAKNESS	CWE-667
CVE-2022-48217	AFFECTS_PRODUCT	PROD-TRADR-PROJECT-TF-REMAPPER
CVE-2022-48217	HAS_WEAKNESS	CWE-75
CVE-2022-48251	AFFECTS_PRODUCT	PROD-ARM-CORTEX-A53
CVE-2022-48251	AFFECTS_PRODUCT	PROD-ARM-CORTEX-A53-FIRMWARE
CVE-2022-48251	AFFECTS_PRODUCT	PROD-ARM-CORTEX-A55-FIRMWARE
CVE-2022-48251	HAS_WEAKNESS	CWE-203
CVE-2022-48252	AFFECTS_PRODUCT	PROD-PI.ALERT-PROJECT-PI.ALERT
CVE-2022-48252	HAS_WEAKNESS	CWE-78
CVE-2022-48253	AFFECTS_PRODUCT	PROD-NAZGUL-NOSTROMO
CVE-2022-48253	HAS_WEAKNESS	CWE-22
CVE-2022-48256	AFFECTS_PRODUCT	PROD-TECHNITIUM-DNS-SERVER
CVE-2022-48256	HAS_WEAKNESS	CWE-835
CVE-2022-4869	AFFECTS_PRODUCT	PROD-EVOLUTION-EVENTS-ARTAXERXES
CVE-2022-4869	HAS_WEAKNESS	CWE-200
CVE-2022-4871	AFFECTS_PRODUCT	PROD-NFLPICK-EM-NFLPICK-EM
CVE-2022-4871	HAS_WEAKNESS	CWE-89
CVE-2022-4873	AFFECTS_PRODUCT	PROD-NETCOMMWIRELESS-NF20
CVE-2022-4873	AFFECTS_PRODUCT	PROD-NETCOMMWIRELESS-NF20-FIRMWARE
CVE-2022-4873	AFFECTS_PRODUCT	PROD-NETCOMMWIRELESS-NF20MESH-FIRMWARE
CVE-2022-4873	HAS_WEAKNESS	CWE-787
CVE-2022-4874	AFFECTS_PRODUCT	PROD-NETCOMMWIRELESS-NF20
CVE-2022-4874	AFFECTS_PRODUCT	PROD-NETCOMMWIRELESS-NF20-FIRMWARE
CVE-2022-4874	AFFECTS_PRODUCT	PROD-NETCOMMWIRELESS-NF20MESH-FIRMWARE
CVE-2022-4874	HAS_WEAKNESS	CWE-287
CVE-2022-4879	AFFECTS_PRODUCT	PROD-FORGED-ALLIANCE-FOREVER-PROJECT-FORGED-ALLIANCE-FOREVER
CVE-2022-4879	HAS_WEAKNESS	CWE-285
CVE-2022-4880	AFFECTS_PRODUCT	PROD-OPENUTAU-OPENUTAU
CVE-2022-4880	HAS_WEAKNESS	CWE-22
CVE-2023-0014	AFFECTS_PRODUCT	PROD-SAP-NETWEAVER-APPLICATION-SERVER-ABAP
CVE-2023-0014	AFFECTS_PRODUCT	PROD-SAP-NETWEAVER-APPLICATION-SERVER-ABAP-KERNEL
CVE-2023-0014	AFFECTS_PRODUCT	PROD-SAP-NETWEAVER-APPLICATION-SERVER-ABAP-KRNL64NUC
CVE-2023-0014	HAS_WEAKNESS	CWE-294
CVE-2023-0016	AFFECTS_PRODUCT	PROD-SAP-BUSINESS-PLANNING-AND-CONSOLIDATION
CVE-2023-0016	HAS_WEAKNESS	CWE-89
CVE-2023-0017	AFFECTS_PRODUCT	PROD-SAP-NETWEAVER-APPLICATION-SERVER-FOR-JAVA
CVE-2023-0017	HAS_WEAKNESS	CWE-284
CVE-2023-0022	AFFECTS_PRODUCT	PROD-SAP-BUSINESSOBJECTS-BUSINESS-INTELLIGENCE-PLATFORM
CVE-2023-0022	HAS_WEAKNESS	CWE-94
CVE-2023-0029	AFFECTS_PRODUCT	PROD-MULTILASEREMPRESAS-RE708
CVE-2023-0029	AFFECTS_PRODUCT	PROD-MULTILASEREMPRESAS-RE708-FIRMWARE
CVE-2023-0029	HAS_WEAKNESS	CWE-404
CVE-2023-0035	AFFECTS_PRODUCT	PROD-OPENATOM-OPENHARMONY
CVE-2023-0035	HAS_WEAKNESS	CWE-287
CVE-2023-0035	HAS_WEAKNESS	CWE-294
CVE-2023-0036	AFFECTS_PRODUCT	PROD-OPENATOM-OPENHARMONY
CVE-2023-0036	HAS_WEAKNESS	CWE-287
CVE-2023-0036	HAS_WEAKNESS	CWE-294
CVE-2023-0046	AFFECTS_PRODUCT	PROD-DALORADIUS-DALORADIUS
CVE-2023-0046	HAS_WEAKNESS	CWE-641
CVE-2023-0048	AFFECTS_PRODUCT	PROD-DALORADIUS-DALORADIUS
CVE-2023-0048	HAS_WEAKNESS	CWE-94
CVE-2023-0049	AFFECTS_PRODUCT	PROD-FEDORAPROJECT-FEDORA
CVE-2023-0049	AFFECTS_PRODUCT	PROD-VIM-VIM
CVE-2023-0049	HAS_WEAKNESS	CWE-125
CVE-2023-0051	AFFECTS_PRODUCT	PROD-VIM-VIM
CVE-2023-0051	HAS_WEAKNESS	CWE-122
CVE-2023-0054	AFFECTS_PRODUCT	PROD-VIM-VIM
CVE-2023-0054	HAS_WEAKNESS	CWE-787
CVE-2023-0077	AFFECTS_PRODUCT	PROD-SYNOLOGY-ROUTER-MANAGER
CVE-2023-0088	AFFECTS_PRODUCT	PROD-SWIFTY-PAGE-MANAGER-PROJECT-SWIFTY-PAGE-MANAGER
CVE-2023-0088	HAS_WEAKNESS	CWE-352
CVE-2023-0113	AFFECTS_PRODUCT	PROD-NETIS-SYSTEMS-NETCORE-ROUTER
CVE-2023-0113	AFFECTS_PRODUCT	PROD-NETIS-SYSTEMS-NETCORE-ROUTER-FIRMWARE
CVE-2023-0113	HAS_WEAKNESS	CWE-200
CVE-2023-0128	AFFECTS_PRODUCT	PROD-GOOGLE-CHROME
CVE-2023-0128	AFFECTS_PRODUCT	PROD-GOOGLE-CHROME-OS
CVE-2023-0128	HAS_WEAKNESS	CWE-416
CVE-2023-0129	AFFECTS_PRODUCT	PROD-GOOGLE-CHROME
CVE-2023-0129	HAS_WEAKNESS	CWE-787
CVE-2023-0134	AFFECTS_PRODUCT	PROD-GOOGLE-CHROME
CVE-2023-0134	HAS_WEAKNESS	CWE-416
CVE-2023-0135	AFFECTS_PRODUCT	PROD-GOOGLE-CHROME
CVE-2023-0135	HAS_WEAKNESS	CWE-416
CVE-2023-0136	AFFECTS_PRODUCT	PROD-GOOGLE-ANDROID
CVE-2023-0136	AFFECTS_PRODUCT	PROD-GOOGLE-CHROME
CVE-2023-0137	AFFECTS_PRODUCT	PROD-GOOGLE-CHROME
CVE-2023-0137	AFFECTS_PRODUCT	PROD-GOOGLE-CHROME-OS
CVE-2023-0137	HAS_WEAKNESS	CWE-787
CVE-2023-0138	AFFECTS_PRODUCT	PROD-GOOGLE-CHROME
CVE-2023-0138	HAS_WEAKNESS	CWE-787
CVE-2023-0247	AFFECTS_PRODUCT	PROD-BLOOM-PROJECT-BLOOM
CVE-2023-0247	HAS_WEAKNESS	CWE-427
CVE-2023-0288	AFFECTS_PRODUCT	PROD-VIM-VIM
CVE-2023-0288	HAS_WEAKNESS	CWE-122
CVE-2023-0669	AFFECTS_PRODUCT	PROD-FORTRA-GOANYWHERE-MANAGED-FILE-TRANSFER
CVE-2023-0669	HAS_WEAKNESS	CWE-502
CVE-2023-20198	AFFECTS_PRODUCT	PROD-ROCKWELLAUTOMATION-ALLEN-BRADLEY-STRATIX-5200
CVE-2023-20198	AFFECTS_PRODUCT	PROD-ROCKWELLAUTOMATION-ALLEN-BRADLEY-STRATIX-5200-FIRMWARE
CVE-2023-20198	AFFECTS_PRODUCT	PROD-ROCKWELLAUTOMATION-ALLEN-BRADLEY-STRATIX-5800-FIRMWARE
CVE-2023-20198	HAS_WEAKNESS	CWE-420
CVE-2023-20273	AFFECTS_PRODUCT	PROD-CISCO-CATALYST-3650
CVE-2023-20273	AFFECTS_PRODUCT	PROD-CISCO-CATALYST-3650-12X48FD-E
CVE-2023-20273	AFFECTS_PRODUCT	PROD-CISCO-IOS-XE
CVE-2023-20273	HAS_WEAKNESS	CWE-78
CVE-2023-20522	AFFECTS_PRODUCT	PROD-AMD-MILANPI
CVE-2023-20522	AFFECTS_PRODUCT	PROD-AMD-MILANPI-FIRMWARE
CVE-2023-20522	AFFECTS_PRODUCT	PROD-AMD-ROMEPI-FIRMWARE
CVE-2023-20522	HAS_WEAKNESS	CWE-20
CVE-2023-20529	AFFECTS_PRODUCT	PROD-AMD-EPYC-7F72-FIRMWARE
CVE-2023-20529	AFFECTS_PRODUCT	PROD-AMD-EPYC-7H12
CVE-2023-20529	AFFECTS_PRODUCT	PROD-AMD-EPYC-7H12-FIRMWARE
CVE-2023-20529	HAS_WEAKNESS	CWE-119
CVE-2023-20530	AFFECTS_PRODUCT	PROD-AMD-EPYC-7003
CVE-2023-20530	AFFECTS_PRODUCT	PROD-AMD-EPYC-7003-FIRMWARE
CVE-2023-20530	AFFECTS_PRODUCT	PROD-AMD-EPYC-72F3-FIRMWARE
CVE-2023-20530	HAS_WEAKNESS	CWE-20
CVE-2023-20531	AFFECTS_PRODUCT	PROD-AMD-EPYC-7F72-FIRMWARE
CVE-2023-20531	AFFECTS_PRODUCT	PROD-AMD-EPYC-7H12
CVE-2023-20531	AFFECTS_PRODUCT	PROD-AMD-EPYC-7H12-FIRMWARE
CVE-2023-20531	HAS_WEAKNESS	CWE-119
CVE-2023-22320	AFFECTS_PRODUCT	PROD-OPENAM-OPENAM
CVE-2023-22320	HAS_WEAKNESS	CWE-22
CVE-2023-22393	AFFECTS_PRODUCT	PROD-JUNIPER-JUNOS
CVE-2023-22393	AFFECTS_PRODUCT	PROD-JUNIPER-JUNOS-OS-EVOLVED
CVE-2023-22393	HAS_WEAKNESS	CWE-358
CVE-2023-22393	HAS_WEAKNESS	CWE-754
CVE-2023-22401	AFFECTS_PRODUCT	PROD-JUNIPER-JUNOS
CVE-2023-22401	AFFECTS_PRODUCT	PROD-JUNIPER-JUNOS-OS-EVOLVED
CVE-2023-22401	HAS_WEAKNESS	CWE-129
CVE-2023-22417	AFFECTS_PRODUCT	PROD-JUNIPER-JUNOS
CVE-2023-22417	AFFECTS_PRODUCT	PROD-JUNIPER-SRX100
CVE-2023-22417	AFFECTS_PRODUCT	PROD-JUNIPER-SRX110
CVE-2023-22417	HAS_WEAKNESS	CWE-401
CVE-2023-22451	AFFECTS_PRODUCT	PROD-KIWITCMS-KIWI-TCMS
CVE-2023-22451	HAS_WEAKNESS	CWE-521
CVE-2023-22457	AFFECTS_PRODUCT	PROD-XWIKI-CKEDITOR-INTEGRATION
CVE-2023-22457	HAS_WEAKNESS	CWE-352
CVE-2023-22460	AFFECTS_PRODUCT	PROD-PROTOCOL-GO-IPLD-PRIME
CVE-2023-22460	HAS_WEAKNESS	CWE-20
CVE-2023-22463	AFFECTS_PRODUCT	PROD-FIT2CLOUD-KUBEPI
CVE-2023-22463	HAS_WEAKNESS	CWE-798
CVE-2023-22467	AFFECTS_PRODUCT	PROD-MOMENTJS-LUXON
CVE-2023-22467	HAS_WEAKNESS	CWE-1333
CVE-2023-22472	AFFECTS_PRODUCT	PROD-NEXTCLOUD-DESKTOP
CVE-2023-22472	HAS_WEAKNESS	CWE-352
CVE-2023-22477	AFFECTS_PRODUCT	PROD-MERCURIUS-PROJECT-MERCURIUS
CVE-2023-22477	HAS_WEAKNESS	CWE-248
CVE-2023-22493	AFFECTS_PRODUCT	PROD-RSSHUB-RSSHUB
CVE-2023-22493	HAS_WEAKNESS	CWE-918
CVE-2023-22515	AFFECTS_PRODUCT	PROD-ATLASSIAN-CONFLUENCE-DATA-CENTER
CVE-2023-22515	AFFECTS_PRODUCT	PROD-ATLASSIAN-CONFLUENCE-SERVER
CVE-2023-22515	HAS_WEAKNESS	CWE-20
CVE-2023-22518	AFFECTS_PRODUCT	PROD-ATLASSIAN-CONFLUENCE-DATA-CENTER
CVE-2023-22518	AFFECTS_PRODUCT	PROD-ATLASSIAN-CONFLUENCE-SERVER
CVE-2023-22518	HAS_WEAKNESS	CWE-863
CVE-2023-22551	AFFECTS_PRODUCT	PROD-FTP-PROJECT-FTP
CVE-2023-22598	AFFECTS_PRODUCT	PROD-INHANDNETWORKS-INROUTER302
CVE-2023-22598	AFFECTS_PRODUCT	PROD-INHANDNETWORKS-INROUTER302-FIRMWARE
CVE-2023-22598	AFFECTS_PRODUCT	PROD-INHANDNETWORKS-INROUTER615-S-FIRMWARE
CVE-2023-22598	HAS_WEAKNESS	CWE-78
CVE-2023-22600	AFFECTS_PRODUCT	PROD-INHANDNETWORKS-INROUTER302
CVE-2023-22600	AFFECTS_PRODUCT	PROD-INHANDNETWORKS-INROUTER302-FIRMWARE
CVE-2023-22600	AFFECTS_PRODUCT	PROD-INHANDNETWORKS-INROUTER615-S-FIRMWARE
CVE-2023-22600	HAS_WEAKNESS	CWE-284
CVE-2023-22601	AFFECTS_PRODUCT	PROD-INHANDNETWORKS-INROUTER302
CVE-2023-22601	AFFECTS_PRODUCT	PROD-INHANDNETWORKS-INROUTER302-FIRMWARE
CVE-2023-22601	AFFECTS_PRODUCT	PROD-INHANDNETWORKS-INROUTER615-S-FIRMWARE
CVE-2023-22601	HAS_WEAKNESS	CWE-330
CVE-2023-22626	AFFECTS_PRODUCT	PROD-PGHERO-PROJECT-PGHERO
CVE-2023-22626	HAS_WEAKNESS	CWE-209
CVE-2023-22671	AFFECTS_PRODUCT	PROD-NSA-GHIDRA
CVE-2023-22671	HAS_WEAKNESS	CWE-77
CVE-2023-22895	AFFECTS_PRODUCT	PROD-BZIP2-PROJECT-BZIP2
CVE-2023-22895	HAS_WEAKNESS	CWE-190
CVE-2023-22903	AFFECTS_PRODUCT	PROD-LIBREPHOTOS-PROJECT-LIBREPHOTOS
CVE-2023-22903	HAS_WEAKNESS	CWE-284
CVE-2023-22947	AFFECTS_PRODUCT	PROD-MICROSOFT-WINDOWS
CVE-2023-22947	AFFECTS_PRODUCT	PROD-SHIBBOLETH-SERVICE-PROVIDER
CVE-2023-22947	HAS_WEAKNESS	CWE-427
CVE-2023-22952	AFFECTS_PRODUCT	PROD-SUGARCRM-SUGARCRM
CVE-2023-22952	HAS_WEAKNESS	CWE-20
CVE-2023-22952	HAS_WEAKNESS	CWE-94
CVE-2023-22959	AFFECTS_PRODUCT	PROD-WEBCHESS-PROJECT-WEBCHESS
CVE-2023-22959	HAS_WEAKNESS	CWE-89
CVE-2023-23397	AFFECTS_PRODUCT	PROD-MICROSOFT-365-APPS
CVE-2023-23397	AFFECTS_PRODUCT	PROD-MICROSOFT-OFFICE
CVE-2023-23397	AFFECTS_PRODUCT	PROD-MICROSOFT-OFFICE-LONG-TERM-SERVICING-CHANNEL
CVE-2023-23397	HAS_WEAKNESS	CWE-20
CVE-2023-23397	HAS_WEAKNESS	CWE-294
CVE-2023-23559	AFFECTS_PRODUCT	PROD-DEBIAN-DEBIAN-LINUX
CVE-2023-23559	AFFECTS_PRODUCT	PROD-LINUX-LINUX-KERNEL
CVE-2023-23559	AFFECTS_PRODUCT	PROD-NETAPP-HCI-BASEBOARD-MANAGEMENT-CONTROLLER
CVE-2023-23559	HAS_WEAKNESS	CWE-190
CVE-2023-27350	AFFECTS_PRODUCT	PROD-PAPERCUT-PAPERCUT-MF
CVE-2023-27350	AFFECTS_PRODUCT	PROD-PAPERCUT-PAPERCUT-NG
CVE-2023-27350	HAS_WEAKNESS	CWE-284
CVE-2023-27997	AFFECTS_PRODUCT	PROD-FORTINET-FORTIGATE-6000
CVE-2023-27997	AFFECTS_PRODUCT	PROD-FORTINET-FORTIOS
CVE-2023-27997	AFFECTS_PRODUCT	PROD-FORTINET-FORTIPROXY
CVE-2023-27997	AFFECTS_PRODUCT	PROD-FORTIOS
CVE-2023-27997	HAS_MITIGATION	MIT-001
CVE-2023-27997	HAS_MITIGATION	MIT-011
CVE-2023-27997	HAS_WEAKNESS	CWE-122
CVE-2023-27997	HAS_WEAKNESS	CWE-787
CVE-2023-27997	HAS_WEAKNESS	CWE-94
CVE-2023-27997	USES_TECHNIQUE	T1059
CVE-2023-27997	USES_TECHNIQUE	T1133
CVE-2023-2868	AFFECTS_PRODUCT	PROD-BARRACUDA-EMAIL-SECURITY-GATEWAY-300
CVE-2023-2868	AFFECTS_PRODUCT	PROD-BARRACUDA-EMAIL-SECURITY-GATEWAY-300-FIRMWARE
CVE-2023-2868	AFFECTS_PRODUCT	PROD-BARRACUDA-EMAIL-SECURITY-GATEWAY-400-FIRMWARE
CVE-2023-2868	HAS_WEAKNESS	CWE-20
CVE-2023-2868	HAS_WEAKNESS	CWE-77
CVE-2023-34362	AFFECTS_PRODUCT	PROD-MOVEIT
CVE-2023-34362	AFFECTS_PRODUCT	PROD-PROGRESS-MOVEIT-CLOUD
CVE-2023-34362	AFFECTS_PRODUCT	PROD-PROGRESS-MOVEIT-TRANSFER
CVE-2023-34362	HAS_MITIGATION	MIT-001
CVE-2023-34362	HAS_MITIGATION	MIT-002
CVE-2023-34362	HAS_MITIGATION	MIT-009
CVE-2023-34362	HAS_WEAKNESS	CWE-89
CVE-2023-34362	USES_TECHNIQUE	T1105
CVE-2023-34362	USES_TECHNIQUE	T1190
CVE-2023-35078	AFFECTS_PRODUCT	PROD-IVANTI-ENDPOINT-MANAGER-MOBILE
CVE-2023-35078	HAS_WEAKNESS	CWE-287
CVE-2023-3519	AFFECTS_PRODUCT	PROD-CITRIX-ADC
CVE-2023-3519	AFFECTS_PRODUCT	PROD-CITRIX-NETSCALER-APPLICATION-DELIVERY-CONTROLLER
CVE-2023-3519	AFFECTS_PRODUCT	PROD-CITRIX-NETSCALER-GATEWAY
CVE-2023-3519	HAS_MITIGATION	MIT-001
CVE-2023-3519	HAS_MITIGATION	MIT-006
CVE-2023-3519	HAS_WEAKNESS	CWE-306
CVE-2023-3519	HAS_WEAKNESS	CWE-94
CVE-2023-3519	USES_TECHNIQUE	T1190
CVE-2023-3519	USES_TECHNIQUE	T1505.003
CVE-2023-36884	AFFECTS_PRODUCT	PROD-MICROSOFT-WINDOWS-10-1507
CVE-2023-36884	AFFECTS_PRODUCT	PROD-MICROSOFT-WINDOWS-10-1607
CVE-2023-36884	AFFECTS_PRODUCT	PROD-MICROSOFT-WINDOWS-10-1809
CVE-2023-36884	HAS_WEAKNESS	CWE-362
CVE-2023-38831	AFFECTS_PRODUCT	PROD-RARLAB-WINRAR
CVE-2023-38831	HAS_WEAKNESS	CWE-345
CVE-2023-38831	HAS_WEAKNESS	CWE-351
CVE-2023-42793	AFFECTS_PRODUCT	PROD-JETBRAINS-TEAMCITY
CVE-2023-42793	HAS_WEAKNESS	CWE-288
CVE-2023-42793	HAS_WEAKNESS	CWE-306
CVE-2023-46805	AFFECTS_PRODUCT	PROD-IVANTI-CONNECT
CVE-2023-46805	AFFECTS_PRODUCT	PROD-IVANTI-CONNECT-SECURE
CVE-2023-46805	AFFECTS_PRODUCT	PROD-IVANTI-POLICY-SECURE
CVE-2023-46805	HAS_MITIGATION	MIT-001
CVE-2023-46805	HAS_MITIGATION	MIT-011
CVE-2023-46805	HAS_WEAKNESS	CWE-287
CVE-2023-46805	USES_TECHNIQUE	T1133
CVE-2023-49103	AFFECTS_PRODUCT	PROD-OWNCLOUD
CVE-2023-49103	AFFECTS_PRODUCT	PROD-OWNCLOUD-GRAPH-API
CVE-2023-49103	HAS_MITIGATION	MIT-001
CVE-2023-49103	HAS_MITIGATION	MIT-012
CVE-2023-49103	HAS_WEAKNESS	CWE-200
CVE-2023-49103	USES_TECHNIQUE	T1005
CVE-2024-1709	AFFECTS_PRODUCT	PROD-CONNECTWISE-SCREENCONNECT
CVE-2024-1709	HAS_WEAKNESS	CWE-288
CVE-2024-21412	AFFECTS_PRODUCT	PROD-MICROSOFT-WINDOWS-10-1809
CVE-2024-21412	AFFECTS_PRODUCT	PROD-MICROSOFT-WINDOWS-10-21H2
CVE-2024-21412	AFFECTS_PRODUCT	PROD-MICROSOFT-WINDOWS-10-22H2
CVE-2024-21412	HAS_WEAKNESS	CWE-693
CVE-2024-21887	AFFECTS_PRODUCT	PROD-IVANTI-CONNECT
CVE-2024-21887	AFFECTS_PRODUCT	PROD-IVANTI-CONNECT-SECURE
CVE-2024-21887	AFFECTS_PRODUCT	PROD-IVANTI-POLICY-SECURE
CVE-2024-21887	HAS_MITIGATION	MIT-001
CVE-2024-21887	HAS_MITIGATION	MIT-009
CVE-2024-21887	HAS_WEAKNESS	CWE-77
CVE-2024-21887	HAS_WEAKNESS	CWE-78
CVE-2024-21887	USES_TECHNIQUE	T1021
CVE-2024-21887	USES_TECHNIQUE	T1059
CVE-2024-23897	AFFECTS_PRODUCT	PROD-JENKINS
CVE-2024-23897	AFFECTS_PRODUCT	PROD-JENKINS-JENKINS
CVE-2024-23897	HAS_MITIGATION	MIT-001
CVE-2024-23897	HAS_MITIGATION	MIT-012
CVE-2024-23897	HAS_WEAKNESS	CWE-22
CVE-2024-23897	HAS_WEAKNESS	CWE-27
CVE-2024-23897	USES_TECHNIQUE	T1005
CVE-2024-24919	AFFECTS_PRODUCT	PROD-CHECKPOINT-QUANTUM-SECURITY-GATEWAY-FIRMWARE
CVE-2024-24919	AFFECTS_PRODUCT	PROD-CHECKPOINT-QUANTUM-SPARK
CVE-2024-24919	AFFECTS_PRODUCT	PROD-CHECKPOINT-QUANTUM-SPARK-FIRMWARE
CVE-2024-24919	HAS_WEAKNESS	CWE-200
CVE-2024-27198	AFFECTS_PRODUCT	PROD-JETBRAINS-TEAMCITY
CVE-2024-27198	HAS_WEAKNESS	CWE-288
CVE-2024-30051	AFFECTS_PRODUCT	PROD-MICROSOFT-WINDOWS-10-1507
CVE-2024-30051	AFFECTS_PRODUCT	PROD-MICROSOFT-WINDOWS-10-1607
CVE-2024-30051	AFFECTS_PRODUCT	PROD-MICROSOFT-WINDOWS-10-1809
CVE-2024-30051	HAS_WEAKNESS	CWE-122
CVE-2024-30051	HAS_WEAKNESS	CWE-787
CVE-2024-30103	AFFECTS_PRODUCT	PROD-MICROSOFT-365-APPS
CVE-2024-30103	AFFECTS_PRODUCT	PROD-MICROSOFT-OFFICE
CVE-2024-30103	AFFECTS_PRODUCT	PROD-MICROSOFT-OFFICE-LONG-TERM-SERVICING-CHANNEL
CVE-2024-30103	HAS_WEAKNESS	CWE-184
CVE-2024-3094	AFFECTS_PRODUCT	PROD-TUKAANI-XZ
CVE-2024-3094	HAS_WEAKNESS	CWE-506
CVE-2024-3400	AFFECTS_PRODUCT	PROD-PALOALTONETWORKS-PAN-OS
CVE-2024-3400	AFFECTS_PRODUCT	PROD-PANOS
CVE-2024-3400	HAS_MITIGATION	MIT-001
CVE-2024-3400	HAS_MITIGATION	MIT-009
CVE-2024-3400	HAS_WEAKNESS	CWE-20
CVE-2024-3400	HAS_WEAKNESS	CWE-77
CVE-2024-3400	HAS_WEAKNESS	CWE-78
CVE-2024-3400	USES_TECHNIQUE	T1059
CVE-2024-3400	USES_TECHNIQUE	T1133
CVE-2024-38063	AFFECTS_PRODUCT	PROD-MICROSOFT-WINDOWS-10-1507
CVE-2024-38063	AFFECTS_PRODUCT	PROD-MICROSOFT-WINDOWS-10-1607
CVE-2024-38063	AFFECTS_PRODUCT	PROD-MICROSOFT-WINDOWS-10-1809
CVE-2024-38063	HAS_WEAKNESS	CWE-191
CVE-2024-38077	AFFECTS_PRODUCT	PROD-MICROSOFT-WINDOWS-SERVER-2008
CVE-2024-38077	AFFECTS_PRODUCT	PROD-MICROSOFT-WINDOWS-SERVER-2012
CVE-2024-38077	AFFECTS_PRODUCT	PROD-MICROSOFT-WINDOWS-SERVER-2016
CVE-2024-38077	HAS_WEAKNESS	CWE-122
CVE-2024-4577	AFFECTS_PRODUCT	PROD-FEDORAPROJECT-FEDORA
CVE-2024-4577	AFFECTS_PRODUCT	PROD-MICROSOFT-WINDOWS
CVE-2024-4577	AFFECTS_PRODUCT	PROD-PHP-PHP
CVE-2024-4577	HAS_WEAKNESS	CWE-78
CVE-2024-6387	AFFECTS_PRODUCT	PROD-SONICWALL-SMA-6200
CVE-2024-6387	AFFECTS_PRODUCT	PROD-SONICWALL-SMA-6200-FIRMWARE
CVE-2024-6387	AFFECTS_PRODUCT	PROD-SONICWALL-SMA-7200-FIRMWARE
CVE-2024-6387	HAS_WEAKNESS	CWE-362
CVE-2024-6387	HAS_WEAKNESS	CWE-364
CWE-20	RELATED_TO_CAPEC	CAPEC-242
CWE-22	RELATED_TO_CAPEC	CAPEC-126
CWE-269	RELATED_TO_CAPEC	CAPEC-122
CWE-287	RELATED_TO_CAPEC	CAPEC-115
CWE-306	RELATED_TO_CAPEC	CAPEC-115
CWE-434	RELATED_TO_CAPEC	CAPEC-650
CWE-502	RELATED_TO_CAPEC	CAPEC-586
CWE-78	RELATED_TO_CAPEC	CAPEC-88
CWE-79	RELATED_TO_CAPEC	CAPEC-63
CWE-863	RELATED_TO_CAPEC	CAPEC-122
CWE-89	RELATED_TO_CAPEC	CAPEC-66
CWE-918	RELATED_TO_CAPEC	CAPEC-664
CWE-94	RELATED_TO_CAPEC	CAPEC-242
T1005	BELONGS_TO_TACTIC	TA0009
T1021	BELONGS_TO_TACTIC	TA0002
T1046	BELONGS_TO_TACTIC	TA0001
T1053	BELONGS_TO_TACTIC	TA0003
T1059	BELONGS_TO_TACTIC	TA0002
T1068	BELONGS_TO_TACTIC	TA0004
T1078	BELONGS_TO_TACTIC	TA0001
T1105	BELONGS_TO_TACTIC	TA0002
T1110	BELONGS_TO_TACTIC	TA0001
T1133	BELONGS_TO_TACTIC	TA0001
T1190	BELONGS_TO_TACTIC	TA0001
T1210	BELONGS_TO_TACTIC	TA0002
T1505.003	BELONGS_TO_TACTIC	TA0003
